<ImportExportXml xmlns:xsi="http://www.w3.org/2001/XMLSchema-instance">
  <Entities>
    <Entity>
      <Name LocalizedName="Contact" OriginalName="">Contact</Name>
      <RibbonDiffXml>
        <CustomActions>
          <HideCustomAction HideActionId="ait.Mscrm.SubGrid.contact.AddExistingAssoc.Hide" Location="Mscrm.SubGrid.contact.AddExistingAssoc" />
        </CustomActions>
        <Templates>
          <RibbonTemplates Id="Mscrm.Templates"></RibbonTemplates>
        </Templates>
        <CommandDefinitions />
        <RuleDefinitions>
          <TabDisplayRules />
          <DisplayRules />
          <EnableRules />
        </RuleDefinitions>
        <LocLabels />
      </RibbonDiffXml>
    </Entity>
  </Entities>
  <Roles></Roles>
  <Workflows>
    <Workflow WorkflowId="{b0dbda77-9345-4a64-bc13-064f1bd20fe0}" Name="Payment Error Messages - AutoName">
      <XamlFileName>/Workflows/PaymentErrorMessages-AutoName-B0DBDA77-9345-4A64-BC13-064F1BD20FE0.xaml</XamlFileName>
      <Type>1</Type>
      <Subprocess>0</Subprocess>
      <Category>0</Category>
      <Mode>1</Mode>
      <Scope>4</Scope>
      <OnDemand>0</OnDemand>
      <TriggerOnCreate>1</TriggerOnCreate>
      <TriggerOnDelete>0</TriggerOnDelete>
      <AsyncAutodelete>1</AsyncAutodelete>
      <SyncWorkflowLogOnFailure>1</SyncWorkflowLogOnFailure>
      <StateCode>1</StateCode>
      <StatusCode>2</StatusCode>
      <RunAs>1</RunAs>
      <IsTransacted>1</IsTransacted>
      <IntroducedVersion>2021.02.16.01</IntroducedVersion>
      <IsCustomizable>1</IsCustomizable>
      <IsCustomProcessingStepAllowedForOtherPublishers>1</IsCustomProcessingStepAllowedForOtherPublishers>
      <PrimaryEntity>ait_paymenterrormessages</PrimaryEntity>
      <LocalizedNames>
        <LocalizedName languagecode="1033" description="Payment Error Messages - AutoName" />
      </LocalizedNames>
    </Workflow>
    <Workflow WorkflowId="{b95328de-e4d2-4a8c-a594-0901c278be44}" Name="ContactInformationUpdateNightlyOld">
      <XamlFileName>/Workflows/ContactInformationUpdateNightlyOld-B95328DE-E4D2-4A8C-A594-0901C278BE44.xaml</XamlFileName>
      <Type>1</Type>
      <Subprocess>1</Subprocess>
      <Category>0</Category>
      <Mode>0</Mode>
      <Scope>2</Scope>
      <OnDemand>1</OnDemand>
      <TriggerOnCreate>0</TriggerOnCreate>
      <TriggerOnDelete>0</TriggerOnDelete>
      <AsyncAutodelete>0</AsyncAutodelete>
      <SyncWorkflowLogOnFailure>0</SyncWorkflowLogOnFailure>
      <StateCode>0</StateCode>
      <StatusCode>1</StatusCode>
      <RunAs>1</RunAs>
      <IsTransacted>1</IsTransacted>
      <IntroducedVersion>2016.02.19.2</IntroducedVersion>
      <IsCustomizable>1</IsCustomizable>
      <IsCustomProcessingStepAllowedForOtherPublishers>1</IsCustomProcessingStepAllowedForOtherPublishers>
      <PrimaryEntity>SystemUser</PrimaryEntity>
      <LocalizedNames>
        <LocalizedName languagecode="1033" description="ContactInformationUpdateNightlyOld" />
      </LocalizedNames>
    </Workflow>
    <Workflow WorkflowId="{fd0c0eea-0de9-41fa-a22d-0b2b54c6cf4d}" Name="ContactInformationUpdateOld">
      <XamlFileName>/Workflows/ContactInformationUpdateOld-FD0C0EEA-0DE9-41FA-A22D-0B2B54C6CF4D.xaml</XamlFileName>
      <Type>1</Type>
      <Subprocess>0</Subprocess>
      <Category>0</Category>
      <Mode>0</Mode>
      <Scope>1</Scope>
      <OnDemand>1</OnDemand>
      <TriggerOnCreate>0</TriggerOnCreate>
      <TriggerOnDelete>0</TriggerOnDelete>
      <AsyncAutodelete>0</AsyncAutodelete>
      <SyncWorkflowLogOnFailure>0</SyncWorkflowLogOnFailure>
      <StateCode>0</StateCode>
      <StatusCode>1</StatusCode>
      <RunAs>1</RunAs>
      <IsTransacted>1</IsTransacted>
      <IntroducedVersion>2016.02.19.2</IntroducedVersion>
      <IsCustomizable>1</IsCustomizable>
      <IsCustomProcessingStepAllowedForOtherPublishers>1</IsCustomProcessingStepAllowedForOtherPublishers>
      <PrimaryEntity>Contact</PrimaryEntity>
      <LocalizedNames>
        <LocalizedName languagecode="1033" description="ContactInformationUpdateOld" />
      </LocalizedNames>
    </Workflow>
    <Workflow WorkflowId="{e01a8f27-a34f-485e-a20f-0bc2688f432a}" Name="Payment Event - AutoName">
      <XamlFileName>/Workflows/PaymentEvent-AutoName-E01A8F27-A34F-485E-A20F-0BC2688F432A.xaml</XamlFileName>
      <Type>1</Type>
      <Subprocess>0</Subprocess>
      <Category>0</Category>
      <Mode>1</Mode>
      <Scope>4</Scope>
      <OnDemand>0</OnDemand>
      <TriggerOnUpdateAttributeList>ait_transactiondate,ait_pmtpaymenttype</TriggerOnUpdateAttributeList>
      <TriggerOnCreate>1</TriggerOnCreate>
      <TriggerOnDelete>0</TriggerOnDelete>
      <AsyncAutodelete>0</AsyncAutodelete>
      <SyncWorkflowLogOnFailure>1</SyncWorkflowLogOnFailure>
      <StateCode>1</StateCode>
      <StatusCode>2</StatusCode>
      <CreateStage>40</CreateStage>
      <UpdateStage>40</UpdateStage>
      <RunAs>1</RunAs>
      <IsTransacted>1</IsTransacted>
      <IntroducedVersion>2018.08.30.01</IntroducedVersion>
      <IsCustomizable>1</IsCustomizable>
      <IsCustomProcessingStepAllowedForOtherPublishers>1</IsCustomProcessingStepAllowedForOtherPublishers>
      <PrimaryEntity>ait_pmtevent</PrimaryEntity>
      <LocalizedNames>
        <LocalizedName languagecode="1033" description="Payment Event - AutoName" />
      </LocalizedNames>
    </Workflow>
    <Workflow WorkflowId="{adafdf65-36d9-42aa-a062-11c4a3e4f325}" Name="FW - Placement End Date not null, then deactivate">
      <XamlFileName>/Workflows/FW-PlacementEndDatenotnullthendeactivate-ADAFDF65-36D9-42AA-A062-11C4A3E4F325.xaml</XamlFileName>
      <Type>1</Type>
      <Subprocess>0</Subprocess>
      <Category>0</Category>
      <Mode>0</Mode>
      <Scope>4</Scope>
      <OnDemand>1</OnDemand>
      <TriggerOnUpdateAttributeList>ait_placementenddate</TriggerOnUpdateAttributeList>
      <TriggerOnCreate>0</TriggerOnCreate>
      <TriggerOnDelete>0</TriggerOnDelete>
      <AsyncAutodelete>1</AsyncAutodelete>
      <SyncWorkflowLogOnFailure>0</SyncWorkflowLogOnFailure>
      <StateCode>1</StateCode>
      <StatusCode>2</StatusCode>
      <RunAs>1</RunAs>
      <IsTransacted>1</IsTransacted>
      <IntroducedVersion>2020.12.15.0</IntroducedVersion>
      <IsCustomizable>1</IsCustomizable>
      <IsCustomProcessingStepAllowedForOtherPublishers>1</IsCustomProcessingStepAllowedForOtherPublishers>
      <PrimaryEntity>ait_placement</PrimaryEntity>
      <LocalizedNames>
        <LocalizedName languagecode="1033" description="FW - Placement End Date not null, then deactivate" />
      </LocalizedNames>
    </Workflow>
    <Workflow WorkflowId="{070df529-0b13-4ff6-af72-16305bce8bc7}" Name="DO NOT USE - FW-Service Request Status">
      <XamlFileName>/Workflows/DONOTUSE-FW-ServiceRequestStatus-070DF529-0B13-4FF6-AF72-16305BCE8BC7.xaml</XamlFileName>
      <Type>1</Type>
      <Subprocess>0</Subprocess>
      <Category>0</Category>
      <Mode>0</Mode>
      <Scope>2</Scope>
      <OnDemand>0</OnDemand>
      <TriggerOnUpdateAttributeList>ait_requestereligible,ownerid,ait_caseworker,ait_approvaldate</TriggerOnUpdateAttributeList>
      <TriggerOnCreate>1</TriggerOnCreate>
      <TriggerOnDelete>0</TriggerOnDelete>
      <AsyncAutodelete>1</AsyncAutodelete>
      <SyncWorkflowLogOnFailure>0</SyncWorkflowLogOnFailure>
      <StateCode>0</StateCode>
      <StatusCode>1</StatusCode>
      <RunAs>1</RunAs>
      <IsTransacted>1</IsTransacted>
      <IntroducedVersion>1.0</IntroducedVersion>
      <IsCustomizable>1</IsCustomizable>
      <IsCustomProcessingStepAllowedForOtherPublishers>1</IsCustomProcessingStepAllowedForOtherPublishers>
      <PrimaryEntity>ait_servicerequest</PrimaryEntity>
      <LocalizedNames>
        <LocalizedName languagecode="1033" description="DO NOT USE - FW-Service Request Status" />
      </LocalizedNames>
    </Workflow>
    <Workflow WorkflowId="{dae627a0-35ea-4524-8ffa-1ed2ce66bb17}" Name="FW - Program Status Update">
      <XamlFileName>/Workflows/FW-ProgramStatusUpdate-DAE627A0-35EA-4524-8FFA-1ED2CE66BB17.xaml</XamlFileName>
      <Type>1</Type>
      <Subprocess>0</Subprocess>
      <Category>0</Category>
      <Mode>0</Mode>
      <Scope>4</Scope>
      <OnDemand>0</OnDemand>
      <TriggerOnUpdateAttributeList>ait_tribe,ait_staffingrequirements,overriddencreatedon,ait_programstatus,ait_programstartdate,ait_programmanager,ait_programautoid,ait_programenddate,ait_programbudget_base,ait_programbudget,ait_name,modifiedon,modifiedonbehalfby,modifiedby,ait_membershiprequirement,ait_maximumreferrals,ait_maximumparticipants,ait_grantname,ait_grantfunded,ait_gender,ait_fundingrecommendation_base,ait_fundingrecommendation,ait_fundingmaximum_base,ait_fundingmaximum,ait_familygroupminimumnumber,ait_exclusions,exchangerate,ait_ethnicity,emailaddress,ait_description,transactioncurrencyid,createdon,createdonbehalfby,createdby,ait_costcode,ait_category,ait_autocreatewithholding,ait_ageminimum,ait_agemaximum,ait_agegrouprequirement,ait_abbreviation</TriggerOnUpdateAttributeList>
      <TriggerOnCreate>1</TriggerOnCreate>
      <TriggerOnDelete>0</TriggerOnDelete>
      <AsyncAutodelete>1</AsyncAutodelete>
      <SyncWorkflowLogOnFailure>0</SyncWorkflowLogOnFailure>
      <StateCode>1</StateCode>
      <StatusCode>2</StatusCode>
      <RunAs>1</RunAs>
      <IsTransacted>1</IsTransacted>
      <IntroducedVersion>2019.11.6.1</IntroducedVersion>
      <IsCustomizable>1</IsCustomizable>
      <IsCustomProcessingStepAllowedForOtherPublishers>1</IsCustomProcessingStepAllowedForOtherPublishers>
      <PrimaryEntity>ait_program</PrimaryEntity>
      <LocalizedNames>
        <LocalizedName languagecode="1033" description="FW - Program Status Update" />
      </LocalizedNames>
    </Workflow>
    <Workflow WorkflowId="{ff0deec0-1711-485a-94dc-1fc5d08b5cbd}" Name="Service Request: Do not allow SR to be set to &quot;Approved&quot; unless all required  Approvals are approved">
      <XamlFileName>/Workflows/ServiceRequestDonotallowSRtobesettoApprovedunlessa-FF0DEEC0-1711-485A-94DC-1FC5D08B5CBD.xaml</XamlFileName>
      <Type>1</Type>
      <Subprocess>0</Subprocess>
      <Category>0</Category>
      <Mode>1</Mode>
      <Scope>4</Scope>
      <OnDemand>0</OnDemand>
      <TriggerOnUpdateAttributeList>ait_tier3decision,ait_tier2decision,ait_servicerequeststatus,ait_approvalstatus</TriggerOnUpdateAttributeList>
      <TriggerOnCreate>0</TriggerOnCreate>
      <TriggerOnDelete>0</TriggerOnDelete>
      <AsyncAutodelete>0</AsyncAutodelete>
      <SyncWorkflowLogOnFailure>1</SyncWorkflowLogOnFailure>
      <StateCode>1</StateCode>
      <StatusCode>2</StatusCode>
      <UpdateStage>40</UpdateStage>
      <RunAs>1</RunAs>
      <IsTransacted>1</IsTransacted>
      <IntroducedVersion>2022.02.08.1</IntroducedVersion>
      <IsCustomizable>1</IsCustomizable>
      <IsCustomProcessingStepAllowedForOtherPublishers>1</IsCustomProcessingStepAllowedForOtherPublishers>
      <PrimaryEntity>ait_servicerequest</PrimaryEntity>
      <LocalizedNames>
        <LocalizedName languagecode="1033" description="Service Request: Do not allow SR to be set to &quot;Approved&quot; unless all required  Approvals are approved" />
      </LocalizedNames>
      <labels>
        <steplabels id="{76e1b2fa-32e4-48d0-ae55-c47865871977}">
          <label languagecode="1033" description="You cannot approve this record because Tier 1 Approval is required." />
        </steplabels>
        <steplabels id="{98bdb634-9240-45f1-8160-77233fbb9573}">
          <label languagecode="1033" description="You cannot approve this record because Tier 2 Approval is required." />
        </steplabels>
        <steplabels id="{2548f859-8449-44b6-afe4-c7a228da83fe}">
          <label languagecode="1033" description="You cannot approve this record because Tier 3 Approval is required." />
        </steplabels>
        <steplabels id="{3eb426fb-bfc3-4cd1-b005-52707f9a545d}">
          <label languagecode="1033" description="You cannot approve this record because one or more Tier Approvals is required." />
        </steplabels>
        <steplabels id="{a87eba9a-c96f-4896-8b06-0259b63216a9}">
          <label languagecode="1033" description="You cannot approve this record because one or more Tier Approvals is required." />
        </steplabels>
        <steplabels id="{07c8000f-f26e-49ad-9693-7c7336bdea2a}">
          <label languagecode="1033" description="You cannot approve this record because one or more Tier Approvals is required." />
        </steplabels>
        <steplabels id="{e5197f64-7354-45a6-9187-26a09fdbe5cf}">
          <label languagecode="1033" description="You cannot approve this record because one or more Tier Approvals is required." />
        </steplabels>
      </labels>
    </Workflow>
    <Workflow WorkflowId="{15d0d058-d45f-41fe-a568-2e97e6ff9d11}" Name="ContactInformationUpdateNew">
      <XamlFileName>/Workflows/ContactInformationUpdateNew-15D0D058-D45F-41FE-A568-2E97E6FF9D11.xaml</XamlFileName>
      <Type>1</Type>
      <Subprocess>0</Subprocess>
      <Category>0</Category>
      <Mode>0</Mode>
      <Scope>4</Scope>
      <OnDemand>1</OnDemand>
      <TriggerOnCreate>0</TriggerOnCreate>
      <TriggerOnDelete>0</TriggerOnDelete>
      <AsyncAutodelete>0</AsyncAutodelete>
      <SyncWorkflowLogOnFailure>0</SyncWorkflowLogOnFailure>
      <StateCode>1</StateCode>
      <StatusCode>2</StatusCode>
      <RunAs>1</RunAs>
      <IsTransacted>1</IsTransacted>
      <IntroducedVersion>2021.09.07.01</IntroducedVersion>
      <IsCustomizable>1</IsCustomizable>
      <IsCustomProcessingStepAllowedForOtherPublishers>1</IsCustomProcessingStepAllowedForOtherPublishers>
      <PrimaryEntity>Contact</PrimaryEntity>
      <LocalizedNames>
        <LocalizedName languagecode="1033" description="ContactInformationUpdateNew" />
      </LocalizedNames>
    </Workflow>
    <Workflow WorkflowId="{d434fa2a-7a95-4b69-8bb3-3aeabd468de7}" Name="GetFamilyTreeData">
      <XamlFileName>/Workflows/GetFamilyTreeData-D434FA2A-7A95-4B69-8BB3-3AEABD468DE7.xaml</XamlFileName>
      <Type>1</Type>
      <Subprocess>0</Subprocess>
      <Category>3</Category>
      <Mode>0</Mode>
      <Scope>4</Scope>
      <OnDemand>0</OnDemand>
      <TriggerOnCreate>0</TriggerOnCreate>
      <TriggerOnDelete>0</TriggerOnDelete>
      <AsyncAutodelete>0</AsyncAutodelete>
      <SyncWorkflowLogOnFailure>1</SyncWorkflowLogOnFailure>
      <StateCode>1</StateCode>
      <StatusCode>2</StatusCode>
      <CreateStage>40</CreateStage>
      <RunAs>1</RunAs>
      <SdkMessageId>{45f13971-afcb-e511-8173-00155d016b06}</SdkMessageId>
      <UniqueName>GetFamilyTreeData</UniqueName>
      <IsTransacted>1</IsTransacted>
      <IntroducedVersion>1.0.0.0</IntroducedVersion>
      <IsCustomizable>1</IsCustomizable>
      <FormId>{00000000-0000-0000-0000-000000000000}</FormId>
      <IsCustomProcessingStepAllowedForOtherPublishers>1</IsCustomProcessingStepAllowedForOtherPublishers>
      <PrimaryEntity>ait_memberprofile</PrimaryEntity>
      <LocalizedNames>
        <LocalizedName languagecode="1033" description="GetFamilyTreeData" />
      </LocalizedNames>
    </Workflow>
    <Workflow WorkflowId="{571b4d90-e59a-46b5-a502-4780e3074cdf}" Name="FW - Group Activity Registration Name">
      <XamlFileName>/Workflows/FW-GroupActivityRegistrationName-571B4D90-E59A-46B5-A502-4780E3074CDF.xaml</XamlFileName>
      <Type>1</Type>
      <Subprocess>0</Subprocess>
      <Category>0</Category>
      <Mode>1</Mode>
      <Scope>4</Scope>
      <OnDemand>1</OnDemand>
      <TriggerOnCreate>1</TriggerOnCreate>
      <TriggerOnDelete>0</TriggerOnDelete>
      <AsyncAutodelete>1</AsyncAutodelete>
      <SyncWorkflowLogOnFailure>1</SyncWorkflowLogOnFailure>
      <StateCode>1</StateCode>
      <StatusCode>2</StatusCode>
      <CreateStage>40</CreateStage>
      <RunAs>1</RunAs>
      <IsTransacted>1</IsTransacted>
      <IntroducedVersion>2020.12.15.0</IntroducedVersion>
      <IsCustomizable>1</IsCustomizable>
      <IsCustomProcessingStepAllowedForOtherPublishers>1</IsCustomProcessingStepAllowedForOtherPublishers>
      <PrimaryEntity>ait_groupactivityregistration</PrimaryEntity>
      <LocalizedNames>
        <LocalizedName languagecode="1033" description="FW - Group Activity Registration Name" />
      </LocalizedNames>
    </Workflow>
    <Workflow WorkflowId="{bca66cba-c67e-4b13-b957-482f7377655b}" Name="FW - Provider Name">
      <XamlFileName>/Workflows/FW-ProviderName-BCA66CBA-C67E-4B13-B957-482F7377655B.xaml</XamlFileName>
      <Type>1</Type>
      <Subprocess>0</Subprocess>
      <Category>0</Category>
      <Mode>1</Mode>
      <Scope>4</Scope>
      <OnDemand>0</OnDemand>
      <TriggerOnUpdateAttributeList>ait_providername_company,ait_clientprofile</TriggerOnUpdateAttributeList>
      <TriggerOnCreate>1</TriggerOnCreate>
      <TriggerOnDelete>0</TriggerOnDelete>
      <AsyncAutodelete>0</AsyncAutodelete>
      <SyncWorkflowLogOnFailure>1</SyncWorkflowLogOnFailure>
      <StateCode>1</StateCode>
      <StatusCode>2</StatusCode>
      <CreateStage>40</CreateStage>
      <UpdateStage>40</UpdateStage>
      <RunAs>1</RunAs>
      <IsTransacted>1</IsTransacted>
      <IntroducedVersion>2021.02.16.01</IntroducedVersion>
      <IsCustomizable>1</IsCustomizable>
      <IsCustomProcessingStepAllowedForOtherPublishers>1</IsCustomProcessingStepAllowedForOtherPublishers>
      <PrimaryEntity>ait_medicalproviders</PrimaryEntity>
      <LocalizedNames>
        <LocalizedName languagecode="1033" description="FW - Provider Name" />
      </LocalizedNames>
    </Workflow>
    <Workflow WorkflowId="{06fe3291-9de7-4bfb-9f6d-498c1951d26b}" Name="CreateClientProfileFromContact">
      <XamlFileName>/Workflows/CreateClientProfileFromContact-06FE3291-9DE7-4BFB-9F6D-498C1951D26B.xaml</XamlFileName>
      <Type>1</Type>
      <Subprocess>0</Subprocess>
      <Category>3</Category>
      <Mode>0</Mode>
      <Scope>1</Scope>
      <OnDemand>0</OnDemand>
      <TriggerOnCreate>1</TriggerOnCreate>
      <TriggerOnDelete>0</TriggerOnDelete>
      <AsyncAutodelete>0</AsyncAutodelete>
      <SyncWorkflowLogOnFailure>1</SyncWorkflowLogOnFailure>
      <StateCode>1</StateCode>
      <StatusCode>2</StatusCode>
      <CreateStage>40</CreateStage>
      <RunAs>1</RunAs>
      <SdkMessageId>{1cbd1df7-2cda-eb11-bacb-000d3a382821}</SdkMessageId>
      <UniqueName>CreateClientProfileFromContact</UniqueName>
      <IsTransacted>1</IsTransacted>
      <IntroducedVersion>2021.04.01.01</IntroducedVersion>
      <IsCustomizable>1</IsCustomizable>
      <FormId>{00000000-0000-0000-0000-000000000000}</FormId>
      <IsCustomProcessingStepAllowedForOtherPublishers>1</IsCustomProcessingStepAllowedForOtherPublishers>
      <PrimaryEntity>Contact</PrimaryEntity>
      <LocalizedNames>
        <LocalizedName languagecode="1033" description="CreateClientProfileFromContact" />
      </LocalizedNames>
    </Workflow>
    <Workflow WorkflowId="{eca78db1-7242-4ccd-b467-4a8a4e8c5b2b}" Name="FW-Set Placement related to Contact">
      <XamlFileName>/Workflows/FW-SetPlacementrelatedtoContact-ECA78DB1-7242-4CCD-B467-4A8A4E8C5B2B.xaml</XamlFileName>
      <Type>1</Type>
      <Subprocess>0</Subprocess>
      <Category>0</Category>
      <Mode>0</Mode>
      <Scope>1</Scope>
      <OnDemand>0</OnDemand>
      <TriggerOnUpdateAttributeList>ait_individual</TriggerOnUpdateAttributeList>
      <TriggerOnCreate>0</TriggerOnCreate>
      <TriggerOnDelete>0</TriggerOnDelete>
      <AsyncAutodelete>1</AsyncAutodelete>
      <SyncWorkflowLogOnFailure>0</SyncWorkflowLogOnFailure>
      <StateCode>0</StateCode>
      <StatusCode>1</StatusCode>
      <RunAs>1</RunAs>
      <IsTransacted>1</IsTransacted>
      <IntroducedVersion>2020.03.18.1</IntroducedVersion>
      <IsCustomizable>1</IsCustomizable>
      <IsCustomProcessingStepAllowedForOtherPublishers>1</IsCustomProcessingStepAllowedForOtherPublishers>
      <PrimaryEntity>ait_placement</PrimaryEntity>
      <LocalizedNames>
        <LocalizedName languagecode="1033" description="FW-Set Placement related to Contact" />
      </LocalizedNames>
    </Workflow>
    <Workflow WorkflowId="{62fbfa64-014e-4889-9125-4f07c3271173}" Name="Payment Withholding - AutoName">
      <XamlFileName>/Workflows/PaymentWithholding-AutoName-62FBFA64-014E-4889-9125-4F07C3271173.xaml</XamlFileName>
      <Type>1</Type>
      <Subprocess>0</Subprocess>
      <Category>0</Category>
      <Mode>1</Mode>
      <Scope>4</Scope>
      <OnDemand>0</OnDemand>
      <TriggerOnUpdateAttributeList>ait_withholdingtypeid,ait_priority</TriggerOnUpdateAttributeList>
      <TriggerOnCreate>1</TriggerOnCreate>
      <TriggerOnDelete>0</TriggerOnDelete>
      <AsyncAutodelete>0</AsyncAutodelete>
      <SyncWorkflowLogOnFailure>1</SyncWorkflowLogOnFailure>
      <StateCode>1</StateCode>
      <StatusCode>2</StatusCode>
      <CreateStage>40</CreateStage>
      <UpdateStage>40</UpdateStage>
      <RunAs>1</RunAs>
      <IsTransacted>1</IsTransacted>
      <IntroducedVersion>2018.08.30.01</IntroducedVersion>
      <IsCustomizable>1</IsCustomizable>
      <IsCustomProcessingStepAllowedForOtherPublishers>1</IsCustomProcessingStepAllowedForOtherPublishers>
      <PrimaryEntity>ait_pmtwithholding</PrimaryEntity>
      <LocalizedNames>
        <LocalizedName languagecode="1033" description="Payment Withholding - AutoName" />
      </LocalizedNames>
    </Workflow>
    <Workflow WorkflowId="{e95393b5-955f-403a-a6ef-52f4c6c6f926}" Name="Payment Request Transaction Deleted">
      <XamlFileName>/Workflows/PaymentRequestTransactionDeleted-E95393B5-955F-403A-A6EF-52F4C6C6F926.xaml</XamlFileName>
      <Type>1</Type>
      <Subprocess>0</Subprocess>
      <Category>3</Category>
      <Mode>0</Mode>
      <Scope>1</Scope>
      <OnDemand>0</OnDemand>
      <TriggerOnCreate>1</TriggerOnCreate>
      <TriggerOnDelete>0</TriggerOnDelete>
      <AsyncAutodelete>0</AsyncAutodelete>
      <SyncWorkflowLogOnFailure>1</SyncWorkflowLogOnFailure>
      <StateCode>1</StateCode>
      <StatusCode>2</StatusCode>
      <CreateStage>40</CreateStage>
      <RunAs>1</RunAs>
      <SdkMessageId>{3703e6a9-b145-eb11-a813-000d3a31cf04}</SdkMessageId>
      <UniqueName>PaymentRequestTransactionDeleted</UniqueName>
      <IsTransacted>1</IsTransacted>
      <IntroducedVersion>2020.12.15.0</IntroducedVersion>
      <IsCustomizable>1</IsCustomizable>
      <FormId>{00000000-0000-0000-0000-000000000000}</FormId>
      <IsCustomProcessingStepAllowedForOtherPublishers>1</IsCustomProcessingStepAllowedForOtherPublishers>
      <PrimaryEntity>ait_payment</PrimaryEntity>
      <LocalizedNames>
        <LocalizedName languagecode="1033" description="Payment Request Transaction Deleted" />
      </LocalizedNames>
    </Workflow>
    <Workflow WorkflowId="{fa4fec29-201e-4c0f-a86d-5a2529aca7b6}" Name="Court Party Name">
      <XamlFileName>/Workflows/CourtPartyName-FA4FEC29-201E-4C0F-A86D-5A2529ACA7B6.xaml</XamlFileName>
      <Type>1</Type>
      <Subprocess>0</Subprocess>
      <Category>0</Category>
      <Mode>1</Mode>
      <Scope>4</Scope>
      <OnDemand>0</OnDemand>
      <TriggerOnUpdateAttributeList>ait_courtprofile,ait_courtpartytype</TriggerOnUpdateAttributeList>
      <TriggerOnCreate>1</TriggerOnCreate>
      <TriggerOnDelete>0</TriggerOnDelete>
      <AsyncAutodelete>0</AsyncAutodelete>
      <SyncWorkflowLogOnFailure>1</SyncWorkflowLogOnFailure>
      <StateCode>1</StateCode>
      <StatusCode>2</StatusCode>
      <CreateStage>40</CreateStage>
      <UpdateStage>40</UpdateStage>
      <RunAs>1</RunAs>
      <IsTransacted>1</IsTransacted>
      <IntroducedVersion>2020.04.27.2020</IntroducedVersion>
      <IsCustomizable>1</IsCustomizable>
      <IsCustomProcessingStepAllowedForOtherPublishers>1</IsCustomProcessingStepAllowedForOtherPublishers>
      <PrimaryEntity>ait_courtparty</PrimaryEntity>
      <LocalizedNames>
        <LocalizedName languagecode="1033" description="Court Party Name" />
      </LocalizedNames>
    </Workflow>
    <Workflow WorkflowId="{3af77cde-b327-4ef1-942c-5d944a085e50}" Name="Update Court Profile Name">
      <XamlFileName>/Workflows/UpdateCourtProfileName-3AF77CDE-B327-4EF1-942C-5D944A085E50.xaml</XamlFileName>
      <Type>1</Type>
      <Subprocess>0</Subprocess>
      <Category>0</Category>
      <Mode>1</Mode>
      <Scope>4</Scope>
      <OnDemand>0</OnDemand>
      <TriggerOnUpdateAttributeList>ait_contact</TriggerOnUpdateAttributeList>
      <TriggerOnCreate>1</TriggerOnCreate>
      <TriggerOnDelete>0</TriggerOnDelete>
      <AsyncAutodelete>1</AsyncAutodelete>
      <SyncWorkflowLogOnFailure>1</SyncWorkflowLogOnFailure>
      <StateCode>1</StateCode>
      <StatusCode>2</StatusCode>
      <CreateStage>40</CreateStage>
      <UpdateStage>40</UpdateStage>
      <RunAs>1</RunAs>
      <IsTransacted>1</IsTransacted>
      <IntroducedVersion>2020.04.27.2020</IntroducedVersion>
      <IsCustomizable>1</IsCustomizable>
      <IsCustomProcessingStepAllowedForOtherPublishers>1</IsCustomProcessingStepAllowedForOtherPublishers>
      <PrimaryEntity>ait_courtprofile</PrimaryEntity>
      <LocalizedNames>
        <LocalizedName languagecode="1033" description="Update Court Profile Name" />
      </LocalizedNames>
    </Workflow>
    <Workflow WorkflowId="{234722b9-f505-4638-b2b6-628b2d2c28df}" Name="Payment Eligibility - AutoName">
      <XamlFileName>/Workflows/PaymentEligibility-AutoName-234722B9-F505-4638-B2B6-628B2D2C28DF.xaml</XamlFileName>
      <Type>1</Type>
      <Subprocess>0</Subprocess>
      <Category>0</Category>
      <Mode>1</Mode>
      <Scope>4</Scope>
      <OnDemand>0</OnDemand>
      <TriggerOnUpdateAttributeList>ait_pmtpaymenttype,ait_member</TriggerOnUpdateAttributeList>
      <TriggerOnCreate>1</TriggerOnCreate>
      <TriggerOnDelete>0</TriggerOnDelete>
      <AsyncAutodelete>0</AsyncAutodelete>
      <SyncWorkflowLogOnFailure>1</SyncWorkflowLogOnFailure>
      <StateCode>1</StateCode>
      <StatusCode>2</StatusCode>
      <CreateStage>40</CreateStage>
      <UpdateStage>40</UpdateStage>
      <RunAs>1</RunAs>
      <IsTransacted>1</IsTransacted>
      <IntroducedVersion>2019.01.09.01</IntroducedVersion>
      <IsCustomizable>1</IsCustomizable>
      <IsCustomProcessingStepAllowedForOtherPublishers>1</IsCustomProcessingStepAllowedForOtherPublishers>
      <PrimaryEntity>ait_pmteligibility</PrimaryEntity>
      <LocalizedNames>
        <LocalizedName languagecode="1033" description="Payment Eligibility - AutoName" />
      </LocalizedNames>
    </Workflow>
    <Workflow WorkflowId="{e08a529b-e4d3-468c-ad3e-656b6e6f8c7f}" Name="Update Birthdate">
      <XamlFileName>/Workflows/UpdateBirthdate-E08A529B-E4D3-468C-AD3E-656B6E6F8C7F.xaml</XamlFileName>
      <Type>1</Type>
      <Subprocess>0</Subprocess>
      <Category>0</Category>
      <Mode>1</Mode>
      <Scope>4</Scope>
      <OnDemand>0</OnDemand>
      <TriggerOnUpdateAttributeList>birthdate</TriggerOnUpdateAttributeList>
      <TriggerOnCreate>0</TriggerOnCreate>
      <TriggerOnDelete>0</TriggerOnDelete>
      <AsyncAutodelete>0</AsyncAutodelete>
      <SyncWorkflowLogOnFailure>1</SyncWorkflowLogOnFailure>
      <StateCode>1</StateCode>
      <StatusCode>2</StatusCode>
      <CreateStage>40</CreateStage>
      <UpdateStage>40</UpdateStage>
      <RunAs>1</RunAs>
      <IsTransacted>1</IsTransacted>
      <IntroducedVersion>2019.05.08.01</IntroducedVersion>
      <IsCustomizable>1</IsCustomizable>
      <IsCustomProcessingStepAllowedForOtherPublishers>1</IsCustomProcessingStepAllowedForOtherPublishers>
      <PrimaryEntity>Contact</PrimaryEntity>
      <LocalizedNames>
        <LocalizedName languagecode="1033" description="Update Birthdate" />
      </LocalizedNames>
    </Workflow>
    <Workflow WorkflowId="{ae8633f6-4fff-436d-9297-660e85a70102}" Name="Payment Transaction - Set Post Tax Deduction Maximum">
      <XamlFileName>/Workflows/PaymentTransaction-SetPostTaxDeductionMaximum-AE8633F6-4FFF-436D-9297-660E85A70102.xaml</XamlFileName>
      <Type>1</Type>
      <Subprocess>0</Subprocess>
      <Category>0</Category>
      <Mode>1</Mode>
      <Scope>4</Scope>
      <OnDemand>0</OnDemand>
      <TriggerOnCreate>1</TriggerOnCreate>
      <TriggerOnDelete>0</TriggerOnDelete>
      <AsyncAutodelete>0</AsyncAutodelete>
      <SyncWorkflowLogOnFailure>1</SyncWorkflowLogOnFailure>
      <StateCode>1</StateCode>
      <StatusCode>2</StatusCode>
      <CreateStage>40</CreateStage>
      <RunAs>1</RunAs>
      <IsTransacted>1</IsTransacted>
      <IntroducedVersion>2019.01.09.01</IntroducedVersion>
      <IsCustomizable>1</IsCustomizable>
      <IsCustomProcessingStepAllowedForOtherPublishers>1</IsCustomProcessingStepAllowedForOtherPublishers>
      <PrimaryEntity>ait_pmttransaction</PrimaryEntity>
      <LocalizedNames>
        <LocalizedName languagecode="1033" description="Payment Transaction - Set Post Tax Deduction Maximum" />
      </LocalizedNames>
    </Workflow>
    <Workflow WorkflowId="{ba9f98e7-c466-4376-bd7a-67f6e7233a03}" Name="Global - Create Payment Withholdings">
      <XamlFileName>/Workflows/Global-CreatePaymentWithholdings-BA9F98E7-C466-4376-BD7A-67F6E7233A03.xaml</XamlFileName>
      <Type>1</Type>
      <Subprocess>0</Subprocess>
      <Category>3</Category>
      <Mode>0</Mode>
      <Scope>4</Scope>
      <OnDemand>0</OnDemand>
      <TriggerOnCreate>0</TriggerOnCreate>
      <TriggerOnDelete>0</TriggerOnDelete>
      <AsyncAutodelete>0</AsyncAutodelete>
      <SyncWorkflowLogOnFailure>1</SyncWorkflowLogOnFailure>
      <StateCode>1</StateCode>
      <StatusCode>2</StatusCode>
      <CreateStage>40</CreateStage>
      <RunAs>1</RunAs>
      <SdkMessageId>{7f96ccb8-ec14-e911-837e-000d3a1e3659}</SdkMessageId>
      <UniqueName>GlobalCreatePaymentWithholdings</UniqueName>
      <IsTransacted>1</IsTransacted>
      <IntroducedVersion>2019.01.09.01</IntroducedVersion>
      <IsCustomizable>1</IsCustomizable>
      <FormId>{00000000-0000-0000-0000-000000000000}</FormId>
      <IsCustomProcessingStepAllowedForOtherPublishers>1</IsCustomProcessingStepAllowedForOtherPublishers>
      <PrimaryEntity>none</PrimaryEntity>
      <LocalizedNames>
        <LocalizedName languagecode="1033" description="Global - Create Payment Withholdings" />
      </LocalizedNames>
    </Workflow>
    <Workflow WorkflowId="{53d91897-bb77-47f0-9925-68f235a6b1ce}" Name="FW - Group Activity Meeting status, set Group Meeting Attendee Meeting status">
      <XamlFileName>/Workflows/FW-GroupActivityMeetingstatussetGroupMeetingAttend-53D91897-BB77-47F0-9925-68F235A6B1CE.xaml</XamlFileName>
      <Type>1</Type>
      <Subprocess>0</Subprocess>
      <Category>0</Category>
      <Mode>1</Mode>
      <Scope>4</Scope>
      <OnDemand>1</OnDemand>
      <TriggerOnUpdateAttributeList>ait_meetingcompleted,ait_attended</TriggerOnUpdateAttributeList>
      <TriggerOnCreate>0</TriggerOnCreate>
      <TriggerOnDelete>0</TriggerOnDelete>
      <AsyncAutodelete>0</AsyncAutodelete>
      <SyncWorkflowLogOnFailure>1</SyncWorkflowLogOnFailure>
      <StateCode>0</StateCode>
      <StatusCode>1</StatusCode>
      <UpdateStage>40</UpdateStage>
      <RunAs>0</RunAs>
      <IsTransacted>1</IsTransacted>
      <IntroducedVersion>2020.12.15.0</IntroducedVersion>
      <IsCustomizable>1</IsCustomizable>
      <IsCustomProcessingStepAllowedForOtherPublishers>1</IsCustomProcessingStepAllowedForOtherPublishers>
      <PrimaryEntity>ait_meetingattendee</PrimaryEntity>
      <LocalizedNames>
        <LocalizedName languagecode="1033" description="FW - Group Activity Meeting status, set Group Meeting Attendee Meeting status" />
      </LocalizedNames>
    </Workflow>
    <Workflow WorkflowId="{158e131f-9143-4736-9802-700ff1d13805}" Name="FW - Placement Ended change Status">
      <XamlFileName>/Workflows/FW-PlacementEndedchangeStatus-158E131F-9143-4736-9802-700FF1D13805.xaml</XamlFileName>
      <Type>1</Type>
      <Subprocess>0</Subprocess>
      <Category>0</Category>
      <Mode>1</Mode>
      <Scope>4</Scope>
      <OnDemand>0</OnDemand>
      <TriggerOnUpdateAttributeList>ait_placementenddate</TriggerOnUpdateAttributeList>
      <TriggerOnCreate>0</TriggerOnCreate>
      <TriggerOnDelete>0</TriggerOnDelete>
      <AsyncAutodelete>0</AsyncAutodelete>
      <SyncWorkflowLogOnFailure>1</SyncWorkflowLogOnFailure>
      <StateCode>1</StateCode>
      <StatusCode>2</StatusCode>
      <UpdateStage>40</UpdateStage>
      <RunAs>1</RunAs>
      <IsTransacted>1</IsTransacted>
      <IntroducedVersion>2019.11.25.1</IntroducedVersion>
      <IsCustomizable>1</IsCustomizable>
      <IsCustomProcessingStepAllowedForOtherPublishers>1</IsCustomProcessingStepAllowedForOtherPublishers>
      <PrimaryEntity>ait_placement</PrimaryEntity>
      <LocalizedNames>
        <LocalizedName languagecode="1033" description="FW - Placement Ended change Status" />
      </LocalizedNames>
    </Workflow>
    <Workflow WorkflowId="{9fe4a052-28c8-4fb8-a17c-71fe10e63b0f}" Name="Court - Update Hearing Name">
      <XamlFileName>/Workflows/Court-UpdateHearingName-9FE4A052-28C8-4FB8-A17C-71FE10E63B0F.xaml</XamlFileName>
      <Type>1</Type>
      <Subprocess>0</Subprocess>
      <Category>0</Category>
      <Mode>1</Mode>
      <Scope>4</Scope>
      <OnDemand>0</OnDemand>
      <TriggerOnUpdateAttributeList>ait_hearingtype,actualstart,actualend</TriggerOnUpdateAttributeList>
      <TriggerOnCreate>1</TriggerOnCreate>
      <TriggerOnDelete>0</TriggerOnDelete>
      <AsyncAutodelete>0</AsyncAutodelete>
      <SyncWorkflowLogOnFailure>1</SyncWorkflowLogOnFailure>
      <StateCode>1</StateCode>
      <StatusCode>2</StatusCode>
      <CreateStage>40</CreateStage>
      <UpdateStage>40</UpdateStage>
      <RunAs>1</RunAs>
      <IsTransacted>1</IsTransacted>
      <IntroducedVersion>2020.12.15.0</IntroducedVersion>
      <IsCustomizable>1</IsCustomizable>
      <IsCustomProcessingStepAllowedForOtherPublishers>1</IsCustomProcessingStepAllowedForOtherPublishers>
      <PrimaryEntity>ait_courthearing</PrimaryEntity>
      <LocalizedNames>
        <LocalizedName languagecode="1033" description="Court - Update Hearing Name" />
      </LocalizedNames>
    </Workflow>
    <Workflow WorkflowId="{edfc9b98-2814-483d-9732-7c097ce1d784}" Name="Create Contact Address from Court Profile Address">
      <XamlFileName>/Workflows/CreateContactAddressfromCourtProfileAddress-EDFC9B98-2814-483D-9732-7C097CE1D784.xaml</XamlFileName>
      <Type>1</Type>
      <Subprocess>0</Subprocess>
      <Category>0</Category>
      <Mode>1</Mode>
      <Scope>1</Scope>
      <OnDemand>1</OnDemand>
      <TriggerOnCreate>0</TriggerOnCreate>
      <TriggerOnDelete>0</TriggerOnDelete>
      <AsyncAutodelete>0</AsyncAutodelete>
      <SyncWorkflowLogOnFailure>1</SyncWorkflowLogOnFailure>
      <StateCode>1</StateCode>
      <StatusCode>2</StatusCode>
      <CreateStage>40</CreateStage>
      <RunAs>1</RunAs>
      <IsTransacted>1</IsTransacted>
      <IntroducedVersion>2020.09.18.01</IntroducedVersion>
      <IsCustomizable>1</IsCustomizable>
      <IsCustomProcessingStepAllowedForOtherPublishers>1</IsCustomProcessingStepAllowedForOtherPublishers>
      <PrimaryEntity>ait_courtprofileaddress</PrimaryEntity>
      <LocalizedNames>
        <LocalizedName languagecode="1033" description="Create Contact Address from Court Profile Address" />
      </LocalizedNames>
      <labels>
        <steplabels id="{eb1bf922-a0d1-4fc1-92ef-564994cef3da}">
          <label languagecode="1033" description="Contact was not associated to Court Profile, cancelling Workflow" />
        </steplabels>
      </labels>
    </Workflow>
    <Workflow WorkflowId="{1c8ce4d8-dae2-4ae6-94b3-7eb0bd42914c}" Name="Enrollment Application - Tiered Approval set Status">
      <XamlFileName>/Workflows/EnrollmentApplication-TieredApprovalsetStatus-1C8CE4D8-DAE2-4AE6-94B3-7EB0BD42914C.xaml</XamlFileName>
      <Type>1</Type>
      <Subprocess>0</Subprocess>
      <Category>0</Category>
      <Mode>1</Mode>
      <Scope>4</Scope>
      <OnDemand>0</OnDemand>
      <TriggerOnUpdateAttributeList>ait_tier3decision,ait_tier3approval,ait_tier2decision,ait_tier2approval,ait_applicationdecision,ait_tier1approval</TriggerOnUpdateAttributeList>
      <TriggerOnCreate>0</TriggerOnCreate>
      <TriggerOnDelete>0</TriggerOnDelete>
      <AsyncAutodelete>1</AsyncAutodelete>
      <SyncWorkflowLogOnFailure>1</SyncWorkflowLogOnFailure>
      <StateCode>0</StateCode>
      <StatusCode>1</StatusCode>
      <UpdateStage>40</UpdateStage>
      <RunAs>1</RunAs>
      <IsTransacted>1</IsTransacted>
      <IntroducedVersion>2021.12.21.01</IntroducedVersion>
      <IsCustomizable>1</IsCustomizable>
      <IsCustomProcessingStepAllowedForOtherPublishers>1</IsCustomProcessingStepAllowedForOtherPublishers>
      <PrimaryEntity>ait_programapplications</PrimaryEntity>
      <LocalizedNames>
        <LocalizedName languagecode="1033" description="Enrollment Application - Tiered Approval set Status" />
      </LocalizedNames>
    </Workflow>
    <Workflow WorkflowId="{cf4326aa-90d3-4b3b-8466-838306438e3b}" Name="ContactInformationUpdateOnDemandNew">
      <XamlFileName>/Workflows/ContactInformationUpdateOnDemandNew-CF4326AA-90D3-4B3B-8466-838306438E3B.xaml</XamlFileName>
      <Type>1</Type>
      <Subprocess>0</Subprocess>
      <Category>0</Category>
      <Mode>0</Mode>
      <Scope>2</Scope>
      <OnDemand>1</OnDemand>
      <TriggerOnCreate>0</TriggerOnCreate>
      <TriggerOnDelete>0</TriggerOnDelete>
      <AsyncAutodelete>0</AsyncAutodelete>
      <SyncWorkflowLogOnFailure>0</SyncWorkflowLogOnFailure>
      <StateCode>1</StateCode>
      <StatusCode>2</StatusCode>
      <RunAs>1</RunAs>
      <IsTransacted>1</IsTransacted>
      <IntroducedVersion>1.0</IntroducedVersion>
      <IsCustomizable>1</IsCustomizable>
      <IsCustomProcessingStepAllowedForOtherPublishers>1</IsCustomProcessingStepAllowedForOtherPublishers>
      <PrimaryEntity>SystemUser</PrimaryEntity>
      <LocalizedNames>
        <LocalizedName languagecode="1033" description="ContactInformationUpdateOnDemandNew" />
      </LocalizedNames>
    </Workflow>
    <Workflow WorkflowId="{479b400a-77ab-4ed2-befe-882cfa2478d4}" Name="Global - Create Payment Eligibilities">
      <XamlFileName>/Workflows/Global-CreatePaymentEligibilities-479B400A-77AB-4ED2-BEFE-882CFA2478D4.xaml</XamlFileName>
      <Type>1</Type>
      <Subprocess>0</Subprocess>
      <Category>3</Category>
      <Mode>0</Mode>
      <Scope>4</Scope>
      <OnDemand>0</OnDemand>
      <TriggerOnCreate>0</TriggerOnCreate>
      <TriggerOnDelete>0</TriggerOnDelete>
      <AsyncAutodelete>0</AsyncAutodelete>
      <SyncWorkflowLogOnFailure>1</SyncWorkflowLogOnFailure>
      <StateCode>1</StateCode>
      <StatusCode>2</StatusCode>
      <CreateStage>40</CreateStage>
      <RunAs>1</RunAs>
      <SdkMessageId>{016a8bbb-0615-e911-837e-000d3a1e3659}</SdkMessageId>
      <UniqueName>GlobalCreatePaymentEligibilities</UniqueName>
      <IsTransacted>1</IsTransacted>
      <IntroducedVersion>2019.01.09.01</IntroducedVersion>
      <IsCustomizable>1</IsCustomizable>
      <FormId>{00000000-0000-0000-0000-000000000000}</FormId>
      <IsCustomProcessingStepAllowedForOtherPublishers>1</IsCustomProcessingStepAllowedForOtherPublishers>
      <PrimaryEntity>none</PrimaryEntity>
      <LocalizedNames>
        <LocalizedName languagecode="1033" description="Global - Create Payment Eligibilities" />
      </LocalizedNames>
    </Workflow>
    <Workflow WorkflowId="{668abd9f-487d-48f2-b1f0-8c30abd2616f}" Name="Update Hearing Name">
      <XamlFileName>/Workflows/UpdateHearingName-668ABD9F-487D-48F2-B1F0-8C30ABD2616F.xaml</XamlFileName>
      <Type>1</Type>
      <Subprocess>0</Subprocess>
      <Category>0</Category>
      <Mode>1</Mode>
      <Scope>4</Scope>
      <OnDemand>0</OnDemand>
      <TriggerOnCreate>1</TriggerOnCreate>
      <TriggerOnDelete>0</TriggerOnDelete>
      <AsyncAutodelete>0</AsyncAutodelete>
      <SyncWorkflowLogOnFailure>1</SyncWorkflowLogOnFailure>
      <StateCode>0</StateCode>
      <StatusCode>1</StatusCode>
      <CreateStage>40</CreateStage>
      <RunAs>1</RunAs>
      <IsTransacted>1</IsTransacted>
      <IntroducedVersion>2020.04.27.2020</IntroducedVersion>
      <IsCustomizable>1</IsCustomizable>
      <IsCustomProcessingStepAllowedForOtherPublishers>1</IsCustomProcessingStepAllowedForOtherPublishers>
      <PrimaryEntity>Appointment</PrimaryEntity>
      <LocalizedNames>
        <LocalizedName languagecode="1033" description="Update Hearing Name" />
      </LocalizedNames>
    </Workflow>
    <Workflow WorkflowId="{6e2d59f6-d626-4837-b4bb-90f73996e017}" Name="FW - Service Request Set record status to In Review">
      <XamlFileName>/Workflows/FW-ServiceRequestSetrecordstatustoInReview-6E2D59F6-D626-4837-B4BB-90F73996E017.xaml</XamlFileName>
      <Type>1</Type>
      <Subprocess>0</Subprocess>
      <Category>0</Category>
      <Mode>1</Mode>
      <Scope>4</Scope>
      <OnDemand>1</OnDemand>
      <TriggerOnUpdateAttributeList>ait_tier3decision,ait_tier3approvalneeded,ait_tier2decision,ait_tier2approvalneeded,ait_approvalstatus,ait_caseworker,ait_approvalneeded,ownerid</TriggerOnUpdateAttributeList>
      <TriggerOnCreate>1</TriggerOnCreate>
      <TriggerOnDelete>0</TriggerOnDelete>
      <AsyncAutodelete>0</AsyncAutodelete>
      <SyncWorkflowLogOnFailure>1</SyncWorkflowLogOnFailure>
      <StateCode>1</StateCode>
      <StatusCode>2</StatusCode>
      <CreateStage>40</CreateStage>
      <UpdateStage>40</UpdateStage>
      <RunAs>1</RunAs>
      <IsTransacted>1</IsTransacted>
      <IntroducedVersion>2021.10.27.6</IntroducedVersion>
      <IsCustomizable>1</IsCustomizable>
      <IsCustomProcessingStepAllowedForOtherPublishers>1</IsCustomProcessingStepAllowedForOtherPublishers>
      <PrimaryEntity>ait_servicerequest</PrimaryEntity>
      <LocalizedNames>
        <LocalizedName languagecode="1033" description="FW - Service Request Set record status to In Review" />
      </LocalizedNames>
    </Workflow>
    <Workflow WorkflowId="{4fd28eb5-b583-4b4d-87c7-91476f35dc65}" Name="GetLineageData">
      <XamlFileName>/Workflows/GetLineageData-4FD28EB5-B583-4B4D-87C7-91476F35DC65.xaml</XamlFileName>
      <Type>1</Type>
      <Subprocess>0</Subprocess>
      <Category>3</Category>
      <Mode>0</Mode>
      <Scope>4</Scope>
      <OnDemand>0</OnDemand>
      <TriggerOnCreate>0</TriggerOnCreate>
      <TriggerOnDelete>0</TriggerOnDelete>
      <AsyncAutodelete>0</AsyncAutodelete>
      <SyncWorkflowLogOnFailure>1</SyncWorkflowLogOnFailure>
      <StateCode>1</StateCode>
      <StatusCode>2</StatusCode>
      <CreateStage>40</CreateStage>
      <RunAs>1</RunAs>
      <SdkMessageId>{977d2ed1-30c6-e611-81ff-000d3a11d165}</SdkMessageId>
      <UniqueName>GetLineageData</UniqueName>
      <IsTransacted>1</IsTransacted>
      <IntroducedVersion>2016.11.01.1</IntroducedVersion>
      <IsCustomizable>1</IsCustomizable>
      <FormId>{00000000-0000-0000-0000-000000000000}</FormId>
      <IsCustomProcessingStepAllowedForOtherPublishers>1</IsCustomProcessingStepAllowedForOtherPublishers>
      <PrimaryEntity>ait_memberprofile</PrimaryEntity>
      <LocalizedNames>
        <LocalizedName languagecode="1033" description="GetLineageData" />
      </LocalizedNames>
    </Workflow>
    <Workflow WorkflowId="{e2987b80-fc4e-4589-9f66-95049ff91c13}" Name="Create Contact From Court Profile">
      <XamlFileName>/Workflows/CreateContactFromCourtProfile-E2987B80-FC4E-4589-9F66-95049FF91C13.xaml</XamlFileName>
      <Type>1</Type>
      <Subprocess>0</Subprocess>
      <Category>0</Category>
      <Mode>1</Mode>
      <Scope>1</Scope>
      <OnDemand>1</OnDemand>
      <TriggerOnCreate>0</TriggerOnCreate>
      <TriggerOnDelete>0</TriggerOnDelete>
      <AsyncAutodelete>0</AsyncAutodelete>
      <SyncWorkflowLogOnFailure>1</SyncWorkflowLogOnFailure>
      <StateCode>1</StateCode>
      <StatusCode>2</StatusCode>
      <RunAs>1</RunAs>
      <IsTransacted>1</IsTransacted>
      <IntroducedVersion>2020.09.18.01</IntroducedVersion>
      <IsCustomizable>1</IsCustomizable>
      <IsCustomProcessingStepAllowedForOtherPublishers>1</IsCustomProcessingStepAllowedForOtherPublishers>
      <PrimaryEntity>ait_courtprofile</PrimaryEntity>
      <LocalizedNames>
        <LocalizedName languagecode="1033" description="Create Contact From Court Profile" />
      </LocalizedNames>
      <labels>
        <steplabels id="{bf740e71-1df9-4e78-9a6b-a83a6cfcf14f}">
          <label languagecode="1033" description="Contact or Company already assigned to Court Profile" />
        </steplabels>
      </labels>
    </Workflow>
    <Workflow WorkflowId="{1e92a6d9-9912-4a8a-8df5-9cc4b99bcb2f}" Name="FW - Service Request Requester Eligible is No">
      <XamlFileName>/Workflows/FW-ServiceRequestRequesterEligibleisNo-1E92A6D9-9912-4A8A-8DF5-9CC4B99BCB2F.xaml</XamlFileName>
      <Type>1</Type>
      <Subprocess>0</Subprocess>
      <Category>0</Category>
      <Mode>1</Mode>
      <Scope>4</Scope>
      <OnDemand>0</OnDemand>
      <TriggerOnUpdateAttributeList>ait_requestereligible,ait_approvalstatus</TriggerOnUpdateAttributeList>
      <TriggerOnCreate>0</TriggerOnCreate>
      <TriggerOnDelete>0</TriggerOnDelete>
      <AsyncAutodelete>0</AsyncAutodelete>
      <SyncWorkflowLogOnFailure>1</SyncWorkflowLogOnFailure>
      <StateCode>1</StateCode>
      <StatusCode>2</StatusCode>
      <UpdateStage>40</UpdateStage>
      <RunAs>1</RunAs>
      <IsTransacted>1</IsTransacted>
      <IntroducedVersion>2022.02.06.1</IntroducedVersion>
      <IsCustomizable>1</IsCustomizable>
      <IsCustomProcessingStepAllowedForOtherPublishers>1</IsCustomProcessingStepAllowedForOtherPublishers>
      <PrimaryEntity>ait_servicerequest</PrimaryEntity>
      <LocalizedNames>
        <LocalizedName languagecode="1033" description="FW - Service Request Requester Eligible is No" />
      </LocalizedNames>
    </Workflow>
    <Workflow WorkflowId="{9626fe44-1b76-4822-ac79-9d4d6edb7030}" Name="ChangeRequestUpdate">
      <XamlFileName>/Workflows/ChangeRequestUpdate-9626FE44-1B76-4822-AC79-9D4D6EDB7030.xaml</XamlFileName>
      <Type>1</Type>
      <Subprocess>0</Subprocess>
      <Category>3</Category>
      <Mode>0</Mode>
      <Scope>4</Scope>
      <OnDemand>0</OnDemand>
      <TriggerOnCreate>0</TriggerOnCreate>
      <TriggerOnDelete>0</TriggerOnDelete>
      <AsyncAutodelete>0</AsyncAutodelete>
      <SyncWorkflowLogOnFailure>1</SyncWorkflowLogOnFailure>
      <StateCode>1</StateCode>
      <StatusCode>2</StatusCode>
      <CreateStage>40</CreateStage>
      <RunAs>1</RunAs>
      <SdkMessageId>{81f8c007-5d24-eb11-a813-000d3a31c867}</SdkMessageId>
      <UniqueName>ChangeRequestUpdate</UniqueName>
      <IsTransacted>1</IsTransacted>
      <IntroducedVersion>1.0.0.0</IntroducedVersion>
      <IsCustomizable>1</IsCustomizable>
      <FormId>{00000000-0000-0000-0000-000000000000}</FormId>
      <IsCustomProcessingStepAllowedForOtherPublishers>1</IsCustomProcessingStepAllowedForOtherPublishers>
      <PrimaryEntity>ait_changerequest</PrimaryEntity>
      <LocalizedNames>
        <LocalizedName languagecode="1033" description="ChangeRequestUpdate" />
      </LocalizedNames>
    </Workflow>
    <Workflow WorkflowId="{190db442-4fff-43dc-ad30-9ff824a700d7}" Name="CalculateBloodQuantumAction">
      <XamlFileName>/Workflows/CalculateBloodQuantumAction-190DB442-4FFF-43DC-AD30-9FF824A700D7.xaml</XamlFileName>
      <Type>1</Type>
      <Subprocess>0</Subprocess>
      <Category>3</Category>
      <Mode>0</Mode>
      <Scope>4</Scope>
      <OnDemand>0</OnDemand>
      <TriggerOnCreate>0</TriggerOnCreate>
      <TriggerOnDelete>0</TriggerOnDelete>
      <AsyncAutodelete>0</AsyncAutodelete>
      <SyncWorkflowLogOnFailure>1</SyncWorkflowLogOnFailure>
      <StateCode>1</StateCode>
      <StatusCode>2</StatusCode>
      <CreateStage>40</CreateStage>
      <RunAs>1</RunAs>
      <SdkMessageId>{dd161ddf-09a5-e511-8167-000d3a12ca6c}</SdkMessageId>
      <UniqueName>CalculateBloodQuantumAction</UniqueName>
      <IsTransacted>1</IsTransacted>
      <IntroducedVersion>2015.12.16.3</IntroducedVersion>
      <IsCustomizable>1</IsCustomizable>
      <FormId>{00000000-0000-0000-0000-000000000000}</FormId>
      <IsCustomProcessingStepAllowedForOtherPublishers>1</IsCustomProcessingStepAllowedForOtherPublishers>
      <PrimaryEntity>ait_memberprofile</PrimaryEntity>
      <LocalizedNames>
        <LocalizedName languagecode="1033" description="CalculateBloodQuantumAction" />
      </LocalizedNames>
    </Workflow>
    <Workflow WorkflowId="{c6d8382d-d98a-4dbc-b88b-a2fa9cde22ba}" Name="Update Head of House Hold when a new House Hold Head Member is added">
      <XamlFileName>/Workflows/UpdateHeadofHouseHoldwhenanewHouseHoldHeadMemberis-C6D8382D-D98A-4DBC-B88B-A2FA9CDE22BA.xaml</XamlFileName>
      <Type>1</Type>
      <Subprocess>0</Subprocess>
      <Category>0</Category>
      <Mode>1</Mode>
      <Scope>4</Scope>
      <OnDemand>0</OnDemand>
      <TriggerOnCreate>1</TriggerOnCreate>
      <TriggerOnDelete>0</TriggerOnDelete>
      <AsyncAutodelete>0</AsyncAutodelete>
      <SyncWorkflowLogOnFailure>1</SyncWorkflowLogOnFailure>
      <StateCode>1</StateCode>
      <StatusCode>2</StatusCode>
      <CreateStage>40</CreateStage>
      <RunAs>1</RunAs>
      <IsTransacted>1</IsTransacted>
      <IntroducedVersion>2022.03.10.1</IntroducedVersion>
      <IsCustomizable>1</IsCustomizable>
      <IsCustomProcessingStepAllowedForOtherPublishers>1</IsCustomProcessingStepAllowedForOtherPublishers>
      <PrimaryEntity>ait_householdmember</PrimaryEntity>
      <LocalizedNames>
        <LocalizedName languagecode="1033" description="Update Head of House Hold when a new House Hold Head Member is added" />
      </LocalizedNames>
    </Workflow>
    <Workflow WorkflowId="{ea3f2a2d-65bc-4a59-b4ac-a81cd129336c}" Name="ContactInformationUpdateNewAction">
      <XamlFileName>/Workflows/ContactInformationUpdateNewAction-EA3F2A2D-65BC-4A59-B4AC-A81CD129336C.xaml</XamlFileName>
      <Type>1</Type>
      <Subprocess>0</Subprocess>
      <Category>3</Category>
      <Mode>0</Mode>
      <Scope>4</Scope>
      <OnDemand>0</OnDemand>
      <TriggerOnCreate>0</TriggerOnCreate>
      <TriggerOnDelete>0</TriggerOnDelete>
      <AsyncAutodelete>0</AsyncAutodelete>
      <SyncWorkflowLogOnFailure>1</SyncWorkflowLogOnFailure>
      <StateCode>1</StateCode>
      <StatusCode>2</StatusCode>
      <CreateStage>40</CreateStage>
      <RunAs>1</RunAs>
      <SdkMessageId>{75a5076f-7b2c-ec11-b6e5-000d3a5ba22b}</SdkMessageId>
      <UniqueName>ContactInformationUpdateNewAction</UniqueName>
      <IsTransacted>0</IsTransacted>
      <IntroducedVersion>2021.09.07.01</IntroducedVersion>
      <IsCustomizable>1</IsCustomizable>
      <FormId>{00000000-0000-0000-0000-000000000000}</FormId>
      <IsCustomProcessingStepAllowedForOtherPublishers>1</IsCustomProcessingStepAllowedForOtherPublishers>
      <PrimaryEntity>none</PrimaryEntity>
      <LocalizedNames>
        <LocalizedName languagecode="1033" description="ContactInformationUpdateNewAction" />
      </LocalizedNames>
    </Workflow>
    <Workflow WorkflowId="{be4c88ea-2be0-4e77-9d2e-a9b1fccfe2fe}" Name="FW-Set Placement default Family Group">
      <XamlFileName>/Workflows/FW-SetPlacementdefaultFamilyGroup-BE4C88EA-2BE0-4E77-9D2E-A9B1FCCFE2FE.xaml</XamlFileName>
      <Type>1</Type>
      <Subprocess>0</Subprocess>
      <Category>0</Category>
      <Mode>1</Mode>
      <Scope>4</Scope>
      <OnDemand>0</OnDemand>
      <TriggerOnUpdateAttributeList>ait_individual</TriggerOnUpdateAttributeList>
      <TriggerOnCreate>1</TriggerOnCreate>
      <TriggerOnDelete>0</TriggerOnDelete>
      <AsyncAutodelete>0</AsyncAutodelete>
      <SyncWorkflowLogOnFailure>1</SyncWorkflowLogOnFailure>
      <StateCode>0</StateCode>
      <StatusCode>1</StatusCode>
      <CreateStage>40</CreateStage>
      <UpdateStage>40</UpdateStage>
      <RunAs>1</RunAs>
      <IsTransacted>1</IsTransacted>
      <IntroducedVersion>2020.03.18.1</IntroducedVersion>
      <IsCustomizable>1</IsCustomizable>
      <IsCustomProcessingStepAllowedForOtherPublishers>1</IsCustomProcessingStepAllowedForOtherPublishers>
      <PrimaryEntity>ait_placement</PrimaryEntity>
      <LocalizedNames>
        <LocalizedName languagecode="1033" description="FW-Set Placement default Family Group" />
      </LocalizedNames>
    </Workflow>
    <Workflow WorkflowId="{d78a9006-0a25-4bf3-8cc9-aa236dfaeb82}" Name="FW - Group Meeting Attendee status, set Group Activty">
      <XamlFileName>/Workflows/FW-GroupMeetingAttendeestatussetGroupActivty-D78A9006-0A25-4BF3-8CC9-AA236DFAEB82.xaml</XamlFileName>
      <Type>1</Type>
      <Subprocess>0</Subprocess>
      <Category>0</Category>
      <Mode>0</Mode>
      <Scope>4</Scope>
      <OnDemand>1</OnDemand>
      <TriggerOnUpdateAttributeList>ait_meetingcompleted,ait_groupactivityregistration</TriggerOnUpdateAttributeList>
      <TriggerOnCreate>1</TriggerOnCreate>
      <TriggerOnDelete>0</TriggerOnDelete>
      <AsyncAutodelete>0</AsyncAutodelete>
      <SyncWorkflowLogOnFailure>0</SyncWorkflowLogOnFailure>
      <StateCode>0</StateCode>
      <StatusCode>1</StatusCode>
      <RunAs>1</RunAs>
      <IsTransacted>1</IsTransacted>
      <IntroducedVersion>2020.12.15.0</IntroducedVersion>
      <IsCustomizable>1</IsCustomizable>
      <IsCustomProcessingStepAllowedForOtherPublishers>1</IsCustomProcessingStepAllowedForOtherPublishers>
      <PrimaryEntity>ait_meetingattendee</PrimaryEntity>
      <LocalizedNames>
        <LocalizedName languagecode="1033" description="FW - Group Meeting Attendee status, set Group Activty" />
      </LocalizedNames>
    </Workflow>
    <Workflow WorkflowId="{3cf31131-c995-4b0a-bbae-acd6c3a9a1ae}" Name="FW - Referral Tiered Approval set Status">
      <XamlFileName>/Workflows/FW-ReferralTieredApprovalsetStatus-3CF31131-C995-4B0A-BBAE-ACD6C3A9A1AE.xaml</XamlFileName>
      <Type>1</Type>
      <Subprocess>0</Subprocess>
      <Category>0</Category>
      <Mode>1</Mode>
      <Scope>4</Scope>
      <OnDemand>0</OnDemand>
      <TriggerOnUpdateAttributeList>ait_tier3decision,ait_tier3approvalneeded,ait_tier2decision,ait_tier2approvalneeded,ait_tier1approvalneeded,ait_referraldecision</TriggerOnUpdateAttributeList>
      <TriggerOnCreate>0</TriggerOnCreate>
      <TriggerOnDelete>0</TriggerOnDelete>
      <AsyncAutodelete>0</AsyncAutodelete>
      <SyncWorkflowLogOnFailure>1</SyncWorkflowLogOnFailure>
      <StateCode>1</StateCode>
      <StatusCode>2</StatusCode>
      <UpdateStage>40</UpdateStage>
      <RunAs>1</RunAs>
      <IsTransacted>1</IsTransacted>
      <IntroducedVersion>2021.10.27.6</IntroducedVersion>
      <IsCustomizable>1</IsCustomizable>
      <IsCustomProcessingStepAllowedForOtherPublishers>1</IsCustomProcessingStepAllowedForOtherPublishers>
      <PrimaryEntity>ait_referral</PrimaryEntity>
      <LocalizedNames>
        <LocalizedName languagecode="1033" description="FW - Referral Tiered Approval set Status" />
      </LocalizedNames>
    </Workflow>
    <Workflow WorkflowId="{824e4f8b-5bf7-487f-b3c1-af4a1251d02b}" Name="FW - Service Request Tiered Approval set Status">
      <XamlFileName>/Workflows/FW-ServiceRequestTieredApprovalsetStatus-824E4F8B-5BF7-487F-B3C1-AF4A1251D02B.xaml</XamlFileName>
      <Type>1</Type>
      <Subprocess>0</Subprocess>
      <Category>0</Category>
      <Mode>1</Mode>
      <Scope>4</Scope>
      <OnDemand>0</OnDemand>
      <TriggerOnUpdateAttributeList>ait_tier3decision,ait_tier3approvalneeded,ait_tier2decision,ait_tier2approvalneeded,ait_requestereligible,ait_approvalstatus,ait_approvalneeded</TriggerOnUpdateAttributeList>
      <TriggerOnCreate>0</TriggerOnCreate>
      <TriggerOnDelete>0</TriggerOnDelete>
      <AsyncAutodelete>0</AsyncAutodelete>
      <SyncWorkflowLogOnFailure>1</SyncWorkflowLogOnFailure>
      <StateCode>1</StateCode>
      <StatusCode>2</StatusCode>
      <CreateStage>40</CreateStage>
      <UpdateStage>40</UpdateStage>
      <RunAs>1</RunAs>
      <IsTransacted>1</IsTransacted>
      <IntroducedVersion>2021.10.27.6</IntroducedVersion>
      <IsCustomizable>1</IsCustomizable>
      <IsCustomProcessingStepAllowedForOtherPublishers>1</IsCustomProcessingStepAllowedForOtherPublishers>
      <PrimaryEntity>ait_servicerequest</PrimaryEntity>
      <LocalizedNames>
        <LocalizedName languagecode="1033" description="FW - Service Request Tiered Approval set Status" />
      </LocalizedNames>
    </Workflow>
    <Workflow WorkflowId="{e7aa9764-b29f-4c33-823e-b26858e5ecd5}" Name="Payment Event - Set Generation Times and Users Involved">
      <XamlFileName>/Workflows/PaymentEvent-SetGenerationTimesandUsersInvolved-E7AA9764-B29F-4C33-823E-B26858E5ECD5.xaml</XamlFileName>
      <Type>1</Type>
      <Subprocess>0</Subprocess>
      <Category>0</Category>
      <Mode>1</Mode>
      <Scope>4</Scope>
      <OnDemand>0</OnDemand>
      <TriggerOnUpdateAttributeList>ait_processstage</TriggerOnUpdateAttributeList>
      <TriggerOnCreate>1</TriggerOnCreate>
      <TriggerOnDelete>0</TriggerOnDelete>
      <AsyncAutodelete>0</AsyncAutodelete>
      <SyncWorkflowLogOnFailure>1</SyncWorkflowLogOnFailure>
      <StateCode>1</StateCode>
      <StatusCode>2</StatusCode>
      <CreateStage>40</CreateStage>
      <UpdateStage>40</UpdateStage>
      <RunAs>1</RunAs>
      <IsTransacted>1</IsTransacted>
      <IntroducedVersion>2019.01.09.01</IntroducedVersion>
      <IsCustomizable>1</IsCustomizable>
      <IsCustomProcessingStepAllowedForOtherPublishers>1</IsCustomProcessingStepAllowedForOtherPublishers>
      <PrimaryEntity>ait_pmtevent</PrimaryEntity>
      <LocalizedNames>
        <LocalizedName languagecode="1033" description="Payment Event - Set Generation Times and Users Involved" />
      </LocalizedNames>
    </Workflow>
    <Workflow WorkflowId="{cad0d91b-29f5-4326-b8be-bd5308b2d19e}" Name="FW - Outcome Status update">
      <XamlFileName>/Workflows/FW-OutcomeStatusupdate-CAD0D91B-29F5-4326-B8BE-BD5308B2D19E.xaml</XamlFileName>
      <Type>1</Type>
      <Subprocess>0</Subprocess>
      <Category>0</Category>
      <Mode>0</Mode>
      <Scope>4</Scope>
      <OnDemand>0</OnDemand>
      <TriggerOnUpdateAttributeList>ait_signoffdate,ait_actualcompletiondate</TriggerOnUpdateAttributeList>
      <TriggerOnCreate>0</TriggerOnCreate>
      <TriggerOnDelete>0</TriggerOnDelete>
      <AsyncAutodelete>1</AsyncAutodelete>
      <SyncWorkflowLogOnFailure>0</SyncWorkflowLogOnFailure>
      <StateCode>1</StateCode>
      <StatusCode>2</StatusCode>
      <RunAs>1</RunAs>
      <IsTransacted>1</IsTransacted>
      <IntroducedVersion>2019.11.25.1</IntroducedVersion>
      <IsCustomizable>1</IsCustomizable>
      <IsCustomProcessingStepAllowedForOtherPublishers>1</IsCustomProcessingStepAllowedForOtherPublishers>
      <PrimaryEntity>ait_outcome</PrimaryEntity>
      <LocalizedNames>
        <LocalizedName languagecode="1033" description="FW - Outcome Status update" />
      </LocalizedNames>
    </Workflow>
    <Workflow WorkflowId="{32153584-cb70-4d50-8111-c5d51462e29e}" Name="ContactInformationUpdateNightlyNew">
      <XamlFileName>/Workflows/ContactInformationUpdateNightlyNew-32153584-CB70-4D50-8111-C5D51462E29E.xaml</XamlFileName>
      <Type>1</Type>
      <Subprocess>1</Subprocess>
      <Category>0</Category>
      <Mode>0</Mode>
      <Scope>4</Scope>
      <OnDemand>1</OnDemand>
      <TriggerOnCreate>0</TriggerOnCreate>
      <TriggerOnDelete>0</TriggerOnDelete>
      <AsyncAutodelete>0</AsyncAutodelete>
      <SyncWorkflowLogOnFailure>0</SyncWorkflowLogOnFailure>
      <StateCode>1</StateCode>
      <StatusCode>2</StatusCode>
      <RunAs>1</RunAs>
      <IsTransacted>1</IsTransacted>
      <IntroducedVersion>2021.09.07.01</IntroducedVersion>
      <IsCustomizable>1</IsCustomizable>
      <IsCustomProcessingStepAllowedForOtherPublishers>1</IsCustomProcessingStepAllowedForOtherPublishers>
      <PrimaryEntity>SystemUser</PrimaryEntity>
      <LocalizedNames>
        <LocalizedName languagecode="1033" description="ContactInformationUpdateNightlyNew" />
      </LocalizedNames>
    </Workflow>
    <Workflow WorkflowId="{5a7939cd-1a3b-4042-b527-c833023e1b79}" Name="Update Tier Approval Name">
      <XamlFileName>/Workflows/UpdateTierApprovalName-5A7939CD-1A3B-4042-B527-C833023E1B79.xaml</XamlFileName>
      <Type>1</Type>
      <Subprocess>0</Subprocess>
      <Category>0</Category>
      <Mode>1</Mode>
      <Scope>4</Scope>
      <OnDemand>0</OnDemand>
      <TriggerOnUpdateAttributeList>ait_user,ait_tier</TriggerOnUpdateAttributeList>
      <TriggerOnCreate>1</TriggerOnCreate>
      <TriggerOnDelete>0</TriggerOnDelete>
      <AsyncAutodelete>0</AsyncAutodelete>
      <SyncWorkflowLogOnFailure>1</SyncWorkflowLogOnFailure>
      <StateCode>1</StateCode>
      <StatusCode>2</StatusCode>
      <CreateStage>40</CreateStage>
      <UpdateStage>40</UpdateStage>
      <RunAs>1</RunAs>
      <IsTransacted>1</IsTransacted>
      <IntroducedVersion>2021.09.07.01</IntroducedVersion>
      <IsCustomizable>1</IsCustomizable>
      <IsCustomProcessingStepAllowedForOtherPublishers>1</IsCustomProcessingStepAllowedForOtherPublishers>
      <PrimaryEntity>ait_ApprovalTierUser</PrimaryEntity>
      <LocalizedNames>
        <LocalizedName languagecode="1033" description="Update Tier Approval Name" />
      </LocalizedNames>
    </Workflow>
    <Workflow WorkflowId="{c0bbf503-07b0-4366-8f1b-c981f7c42c10}" Name="Enrollment Application - Notify Applicant of Application Status">
      <XamlFileName>/Workflows/EnrollmentApplication-NotifyApplicantofApplication-C0BBF503-07B0-4366-8F1B-C981F7C42C10.xaml</XamlFileName>
      <Type>1</Type>
      <Subprocess>0</Subprocess>
      <Category>0</Category>
      <Mode>0</Mode>
      <Scope>4</Scope>
      <OnDemand>0</OnDemand>
      <TriggerOnUpdateAttributeList>statuscode</TriggerOnUpdateAttributeList>
      <TriggerOnCreate>0</TriggerOnCreate>
      <TriggerOnDelete>0</TriggerOnDelete>
      <AsyncAutodelete>1</AsyncAutodelete>
      <SyncWorkflowLogOnFailure>0</SyncWorkflowLogOnFailure>
      <StateCode>1</StateCode>
      <StatusCode>2</StatusCode>
      <RunAs>1</RunAs>
      <IsTransacted>1</IsTransacted>
      <IntroducedVersion>1.0</IntroducedVersion>
      <IsCustomizable>1</IsCustomizable>
      <IsCustomProcessingStepAllowedForOtherPublishers>1</IsCustomProcessingStepAllowedForOtherPublishers>
      <PrimaryEntity>ait_programapplications</PrimaryEntity>
      <LocalizedNames>
        <LocalizedName languagecode="1033" description="Enrollment Application - Notify Applicant of Application Status" />
      </LocalizedNames>
    </Workflow>
    <Workflow WorkflowId="{bd07d8ae-9a14-4bb6-ade6-ce9380dab019}" Name="FW - Payment Request Tiered Approval set Status">
      <XamlFileName>/Workflows/FW-PaymentRequestTieredApprovalsetStatus-BD07D8AE-9A14-4BB6-ADE6-CE9380DAB019.xaml</XamlFileName>
      <Type>1</Type>
      <Subprocess>0</Subprocess>
      <Category>0</Category>
      <Mode>1</Mode>
      <Scope>4</Scope>
      <OnDemand>0</OnDemand>
      <TriggerOnUpdateAttributeList>ait_tier3decision,ait_tier3approvalneeded,ait_tier2decision,ait_tier2approvalneeded,ait_tier1decision,ait_tier1approvalneeded</TriggerOnUpdateAttributeList>
      <TriggerOnCreate>0</TriggerOnCreate>
      <TriggerOnDelete>0</TriggerOnDelete>
      <AsyncAutodelete>0</AsyncAutodelete>
      <SyncWorkflowLogOnFailure>1</SyncWorkflowLogOnFailure>
      <StateCode>1</StateCode>
      <StatusCode>2</StatusCode>
      <UpdateStage>40</UpdateStage>
      <RunAs>1</RunAs>
      <IsTransacted>1</IsTransacted>
      <IntroducedVersion>2021.10.27.6</IntroducedVersion>
      <IsCustomizable>1</IsCustomizable>
      <IsCustomProcessingStepAllowedForOtherPublishers>1</IsCustomProcessingStepAllowedForOtherPublishers>
      <PrimaryEntity>ait_payment</PrimaryEntity>
      <LocalizedNames>
        <LocalizedName languagecode="1033" description="FW - Payment Request Tiered Approval set Status" />
      </LocalizedNames>
    </Workflow>
    <Workflow WorkflowId="{b30dcd24-3b94-4b8c-9966-cf6eda8895c8}" Name="Update Charges Name">
      <XamlFileName>/Workflows/UpdateChargesName-B30DCD24-3B94-4B8C-9966-CF6EDA8895C8.xaml</XamlFileName>
      <Type>1</Type>
      <Subprocess>0</Subprocess>
      <Category>0</Category>
      <Mode>1</Mode>
      <Scope>4</Scope>
      <OnDemand>0</OnDemand>
      <TriggerOnUpdateAttributeList>ait_statute</TriggerOnUpdateAttributeList>
      <TriggerOnCreate>1</TriggerOnCreate>
      <TriggerOnDelete>0</TriggerOnDelete>
      <AsyncAutodelete>0</AsyncAutodelete>
      <SyncWorkflowLogOnFailure>1</SyncWorkflowLogOnFailure>
      <StateCode>1</StateCode>
      <StatusCode>2</StatusCode>
      <CreateStage>40</CreateStage>
      <UpdateStage>40</UpdateStage>
      <RunAs>1</RunAs>
      <IsTransacted>1</IsTransacted>
      <IntroducedVersion>2020.04.27.2020</IntroducedVersion>
      <IsCustomizable>1</IsCustomizable>
      <IsCustomProcessingStepAllowedForOtherPublishers>1</IsCustomProcessingStepAllowedForOtherPublishers>
      <PrimaryEntity>ait_charge</PrimaryEntity>
      <LocalizedNames>
        <LocalizedName languagecode="1033" description="Update Charges Name" />
      </LocalizedNames>
    </Workflow>
    <Workflow WorkflowId="{76347482-0be8-4c44-8e10-dc21f66e1fa0}" Name="Global - Create Payment Transactions">
      <XamlFileName>/Workflows/Global-CreatePaymentTransactions-76347482-0BE8-4C44-8E10-DC21F66E1FA0.xaml</XamlFileName>
      <Type>1</Type>
      <Subprocess>0</Subprocess>
      <Category>3</Category>
      <Mode>0</Mode>
      <Scope>4</Scope>
      <OnDemand>0</OnDemand>
      <TriggerOnCreate>0</TriggerOnCreate>
      <TriggerOnDelete>0</TriggerOnDelete>
      <AsyncAutodelete>0</AsyncAutodelete>
      <SyncWorkflowLogOnFailure>1</SyncWorkflowLogOnFailure>
      <StateCode>1</StateCode>
      <StatusCode>2</StatusCode>
      <CreateStage>40</CreateStage>
      <RunAs>1</RunAs>
      <SdkMessageId>{c462acdd-d415-e911-837f-000d3a1e3659}</SdkMessageId>
      <UniqueName>GlobalCreatePaymentTransactions</UniqueName>
      <IsTransacted>1</IsTransacted>
      <IntroducedVersion>2019.01.09.01</IntroducedVersion>
      <IsCustomizable>1</IsCustomizable>
      <FormId>{00000000-0000-0000-0000-000000000000}</FormId>
      <IsCustomProcessingStepAllowedForOtherPublishers>1</IsCustomProcessingStepAllowedForOtherPublishers>
      <PrimaryEntity>none</PrimaryEntity>
      <LocalizedNames>
        <LocalizedName languagecode="1033" description="Global - Create Payment Transactions" />
      </LocalizedNames>
    </Workflow>
    <Workflow WorkflowId="{878b86ee-0cba-4e33-829b-def7259de22d}" Name="FW - Create Client Profile">
      <XamlFileName>/Workflows/FW-CreateClientProfile-878B86EE-0CBA-4E33-829B-DEF7259DE22D.xaml</XamlFileName>
      <Type>1</Type>
      <Subprocess>0</Subprocess>
      <Category>0</Category>
      <Mode>1</Mode>
      <Scope>4</Scope>
      <OnDemand>0</OnDemand>
      <TriggerOnCreate>1</TriggerOnCreate>
      <TriggerOnDelete>0</TriggerOnDelete>
      <AsyncAutodelete>0</AsyncAutodelete>
      <SyncWorkflowLogOnFailure>1</SyncWorkflowLogOnFailure>
      <StateCode>0</StateCode>
      <StatusCode>1</StatusCode>
      <CreateStage>40</CreateStage>
      <RunAs>1</RunAs>
      <IsTransacted>1</IsTransacted>
      <IntroducedVersion>2020.11.30.01</IntroducedVersion>
      <IsCustomizable>1</IsCustomizable>
      <IsCustomProcessingStepAllowedForOtherPublishers>1</IsCustomProcessingStepAllowedForOtherPublishers>
      <PrimaryEntity>Contact</PrimaryEntity>
      <LocalizedNames>
        <LocalizedName languagecode="1033" description="FW - Create Client Profile" />
      </LocalizedNames>
    </Workflow>
    <Workflow WorkflowId="{61804cf2-e59f-4af7-a701-e083b93f4bbb}" Name="FW - Referral Set record status to In Review">
      <XamlFileName>/Workflows/FW-ReferralSetrecordstatustoInReview-61804CF2-E59F-4AF7-A701-E083B93F4BBB.xaml</XamlFileName>
      <Type>1</Type>
      <Subprocess>0</Subprocess>
      <Category>0</Category>
      <Mode>1</Mode>
      <Scope>4</Scope>
      <OnDemand>1</OnDemand>
      <TriggerOnUpdateAttributeList>ait_tier3decision,ait_tier3approvalneeded,ait_tier2decision,ait_tier2approvalneeded,ait_tier1approvalneeded,ait_referraldecision,ait_eligible,ait_caseworker</TriggerOnUpdateAttributeList>
      <TriggerOnCreate>1</TriggerOnCreate>
      <TriggerOnDelete>0</TriggerOnDelete>
      <AsyncAutodelete>0</AsyncAutodelete>
      <SyncWorkflowLogOnFailure>1</SyncWorkflowLogOnFailure>
      <StateCode>1</StateCode>
      <StatusCode>2</StatusCode>
      <CreateStage>40</CreateStage>
      <UpdateStage>40</UpdateStage>
      <RunAs>1</RunAs>
      <IsTransacted>1</IsTransacted>
      <IntroducedVersion>2021.10.27.6</IntroducedVersion>
      <IsCustomizable>1</IsCustomizable>
      <IsCustomProcessingStepAllowedForOtherPublishers>1</IsCustomProcessingStepAllowedForOtherPublishers>
      <PrimaryEntity>ait_referral</PrimaryEntity>
      <LocalizedNames>
        <LocalizedName languagecode="1033" description="FW - Referral Set record status to In Review" />
      </LocalizedNames>
    </Workflow>
    <Workflow WorkflowId="{5ee523bf-d9e1-430f-9e3a-e25624f6e306}" Name="Payment Transaction - Create Payment Deduction">
      <XamlFileName>/Workflows/PaymentTransaction-CreatePaymentDeduction-5EE523BF-D9E1-430F-9E3A-E25624F6E306.xaml</XamlFileName>
      <Type>1</Type>
      <Subprocess>0</Subprocess>
      <Category>3</Category>
      <Mode>0</Mode>
      <Scope>4</Scope>
      <OnDemand>0</OnDemand>
      <TriggerOnCreate>0</TriggerOnCreate>
      <TriggerOnDelete>0</TriggerOnDelete>
      <AsyncAutodelete>0</AsyncAutodelete>
      <SyncWorkflowLogOnFailure>1</SyncWorkflowLogOnFailure>
      <StateCode>1</StateCode>
      <StatusCode>2</StatusCode>
      <CreateStage>40</CreateStage>
      <RunAs>1</RunAs>
      <SdkMessageId>{e2f12650-e015-e911-837f-000d3a1e3659}</SdkMessageId>
      <UniqueName>PaymentTransactionCreatePaymentDeduction</UniqueName>
      <IsTransacted>1</IsTransacted>
      <IntroducedVersion>2019.01.09.01</IntroducedVersion>
      <IsCustomizable>1</IsCustomizable>
      <FormId>{00000000-0000-0000-0000-000000000000}</FormId>
      <IsCustomProcessingStepAllowedForOtherPublishers>1</IsCustomProcessingStepAllowedForOtherPublishers>
      <PrimaryEntity>ait_pmttransaction</PrimaryEntity>
      <LocalizedNames>
        <LocalizedName languagecode="1033" description="Payment Transaction - Create Payment Deduction" />
      </LocalizedNames>
    </Workflow>
    <Workflow WorkflowId="{0e6690bd-f88e-4db8-8d99-e531f043c5cf}" Name="Contact - Check Per Cap Eligibility">
      <XamlFileName>/Workflows/Contact-CheckPerCapEligibility-0E6690BD-F88E-4DB8-8D99-E531F043C5CF.xaml</XamlFileName>
      <Type>1</Type>
      <Subprocess>0</Subprocess>
      <Category>3</Category>
      <Mode>0</Mode>
      <Scope>4</Scope>
      <OnDemand>0</OnDemand>
      <TriggerOnCreate>0</TriggerOnCreate>
      <TriggerOnDelete>0</TriggerOnDelete>
      <AsyncAutodelete>0</AsyncAutodelete>
      <SyncWorkflowLogOnFailure>1</SyncWorkflowLogOnFailure>
      <StateCode>1</StateCode>
      <StatusCode>2</StatusCode>
      <CreateStage>40</CreateStage>
      <RunAs>1</RunAs>
      <SdkMessageId>{0753c54e-fe14-e911-837e-000d3a1e3659}</SdkMessageId>
      <UniqueName>ContactCheckPerCapEligibility</UniqueName>
      <IsTransacted>1</IsTransacted>
      <IntroducedVersion>2019.01.09.01</IntroducedVersion>
      <IsCustomizable>1</IsCustomizable>
      <FormId>{00000000-0000-0000-0000-000000000000}</FormId>
      <IsCustomProcessingStepAllowedForOtherPublishers>1</IsCustomProcessingStepAllowedForOtherPublishers>
      <PrimaryEntity>Contact</PrimaryEntity>
      <LocalizedNames>
        <LocalizedName languagecode="1033" description="Contact - Check Per Cap Eligibility" />
      </LocalizedNames>
    </Workflow>
    <Workflow WorkflowId="{b57cd3a8-dbeb-4fdd-92f3-e7d33ee98d10}" Name="ContactInformationUpdateOnDemandOld">
      <XamlFileName>/Workflows/ContactInformationUpdateOnDemandOld-B57CD3A8-DBEB-4FDD-92F3-E7D33EE98D10.xaml</XamlFileName>
      <Type>1</Type>
      <Subprocess>0</Subprocess>
      <Category>0</Category>
      <Mode>0</Mode>
      <Scope>2</Scope>
      <OnDemand>1</OnDemand>
      <TriggerOnCreate>0</TriggerOnCreate>
      <TriggerOnDelete>0</TriggerOnDelete>
      <AsyncAutodelete>0</AsyncAutodelete>
      <SyncWorkflowLogOnFailure>0</SyncWorkflowLogOnFailure>
      <StateCode>0</StateCode>
      <StatusCode>1</StatusCode>
      <RunAs>1</RunAs>
      <IsTransacted>1</IsTransacted>
      <IntroducedVersion>2016.09.16.2</IntroducedVersion>
      <IsCustomizable>1</IsCustomizable>
      <IsCustomProcessingStepAllowedForOtherPublishers>1</IsCustomProcessingStepAllowedForOtherPublishers>
      <PrimaryEntity>SystemUser</PrimaryEntity>
      <LocalizedNames>
        <LocalizedName languagecode="1033" description="ContactInformationUpdateOnDemandOld" />
      </LocalizedNames>
    </Workflow>
    <Workflow WorkflowId="{245b4359-8196-436d-9945-e8066271711f}" Name="Update SR Date to now">
      <XamlFileName>/Workflows/UpdateSRDatetonow-245B4359-8196-436D-9945-E8066271711F.xaml</XamlFileName>
      <Type>1</Type>
      <Subprocess>0</Subprocess>
      <Category>0</Category>
      <Mode>1</Mode>
      <Scope>4</Scope>
      <OnDemand>0</OnDemand>
      <TriggerOnCreate>1</TriggerOnCreate>
      <TriggerOnDelete>0</TriggerOnDelete>
      <AsyncAutodelete>1</AsyncAutodelete>
      <SyncWorkflowLogOnFailure>1</SyncWorkflowLogOnFailure>
      <StateCode>0</StateCode>
      <StatusCode>1</StatusCode>
      <CreateStage>40</CreateStage>
      <RunAs>1</RunAs>
      <IsTransacted>1</IsTransacted>
      <IntroducedVersion>2020.10.1.01</IntroducedVersion>
      <IsCustomizable>1</IsCustomizable>
      <IsCustomProcessingStepAllowedForOtherPublishers>1</IsCustomProcessingStepAllowedForOtherPublishers>
      <PrimaryEntity>ait_servicerequest</PrimaryEntity>
      <LocalizedNames>
        <LocalizedName languagecode="1033" description="Update SR Date to now" />
      </LocalizedNames>
    </Workflow>
    <Workflow WorkflowId="{415c2810-0ba9-4feb-9001-efb037114c19}" Name="FW - Referral Set record status to In Process">
      <XamlFileName>/Workflows/FW-ReferralSetrecordstatustoInProcess-415C2810-0BA9-4FEB-9001-EFB037114C19.xaml</XamlFileName>
      <Type>1</Type>
      <Subprocess>0</Subprocess>
      <Category>0</Category>
      <Mode>1</Mode>
      <Scope>4</Scope>
      <OnDemand>1</OnDemand>
      <TriggerOnUpdateAttributeList>ait_referredtocompany,ait_referredby,ait_referralsource,ait_referralproviderrequesteddate,ait_referralprovideraccepteddate,ait_referraldate</TriggerOnUpdateAttributeList>
      <TriggerOnCreate>1</TriggerOnCreate>
      <TriggerOnDelete>0</TriggerOnDelete>
      <AsyncAutodelete>0</AsyncAutodelete>
      <SyncWorkflowLogOnFailure>1</SyncWorkflowLogOnFailure>
      <StateCode>1</StateCode>
      <StatusCode>2</StatusCode>
      <CreateStage>40</CreateStage>
      <UpdateStage>40</UpdateStage>
      <RunAs>1</RunAs>
      <IsTransacted>1</IsTransacted>
      <IntroducedVersion>2021.10.27.6</IntroducedVersion>
      <IsCustomizable>1</IsCustomizable>
      <IsCustomProcessingStepAllowedForOtherPublishers>1</IsCustomProcessingStepAllowedForOtherPublishers>
      <PrimaryEntity>ait_referral</PrimaryEntity>
      <LocalizedNames>
        <LocalizedName languagecode="1033" description="FW - Referral Set record status to In Process" />
      </LocalizedNames>
    </Workflow>
    <Workflow WorkflowId="{289ad518-57bd-470b-a542-f32467b016e5}" Name="Enrollment Application - Create Contact, Member Profile and Member Change Status.">
      <XamlFileName>/Workflows/EnrollmentApplication-CreateContactMemberProfilean-289AD518-57BD-470B-A542-F32467B016E5.xaml</XamlFileName>
      <Type>1</Type>
      <Subprocess>0</Subprocess>
      <Category>0</Category>
      <Mode>0</Mode>
      <Scope>4</Scope>
      <OnDemand>0</OnDemand>
      <TriggerOnUpdateAttributeList>statuscode</TriggerOnUpdateAttributeList>
      <TriggerOnCreate>0</TriggerOnCreate>
      <TriggerOnDelete>0</TriggerOnDelete>
      <AsyncAutodelete>1</AsyncAutodelete>
      <SyncWorkflowLogOnFailure>0</SyncWorkflowLogOnFailure>
      <StateCode>1</StateCode>
      <StatusCode>2</StatusCode>
      <RunAs>1</RunAs>
      <IsTransacted>1</IsTransacted>
      <IntroducedVersion>2021.10.27.4</IntroducedVersion>
      <IsCustomizable>1</IsCustomizable>
      <IsCustomProcessingStepAllowedForOtherPublishers>1</IsCustomProcessingStepAllowedForOtherPublishers>
      <PrimaryEntity>ait_programapplications</PrimaryEntity>
      <LocalizedNames>
        <LocalizedName languagecode="1033" description="Enrollment Application - Create Contact, Member Profile and Member Change Status." />
      </LocalizedNames>
    </Workflow>
    <Workflow WorkflowId="{8830b10b-a80c-4214-865e-f45f71e970f1}" Name="Service Request - Notify Approvers of pending Approval">
      <XamlFileName>/Workflows/ServiceRequest-NotifyApproversofpendingApproval-8830B10B-A80C-4214-865E-F45F71E970F1.xaml</XamlFileName>
      <Type>1</Type>
      <Subprocess>0</Subprocess>
      <Category>0</Category>
      <Mode>0</Mode>
      <Scope>4</Scope>
      <OnDemand>0</OnDemand>
      <TriggerOnUpdateAttributeList>ait_tier3decision,ait_tier3approvernew,ait_tier3approvalneeded,ait_tier2decision,ait_tier2approvernew,ait_tier2approvalneeded,ait_tier1approvernew,ait_approvalstatus,ait_approvalneeded</TriggerOnUpdateAttributeList>
      <TriggerOnCreate>0</TriggerOnCreate>
      <TriggerOnDelete>0</TriggerOnDelete>
      <AsyncAutodelete>1</AsyncAutodelete>
      <SyncWorkflowLogOnFailure>0</SyncWorkflowLogOnFailure>
      <StateCode>1</StateCode>
      <StatusCode>2</StatusCode>
      <RunAs>1</RunAs>
      <IsTransacted>1</IsTransacted>
      <IntroducedVersion>2022.02.09.2</IntroducedVersion>
      <IsCustomizable>1</IsCustomizable>
      <IsCustomProcessingStepAllowedForOtherPublishers>1</IsCustomProcessingStepAllowedForOtherPublishers>
      <PrimaryEntity>ait_servicerequest</PrimaryEntity>
      <LocalizedNames>
        <LocalizedName languagecode="1033" description="Service Request - Notify Approvers of pending Approval" />
      </LocalizedNames>
    </Workflow>
    <Workflow WorkflowId="{b4174463-9271-4c2e-85d4-f4852621e8f6}" Name="Global - Process Payment Request">
      <XamlFileName>/Workflows/Global-ProcessPaymentRequest-B4174463-9271-4C2E-85D4-F4852621E8F6.xaml</XamlFileName>
      <Type>1</Type>
      <Subprocess>0</Subprocess>
      <Category>3</Category>
      <Mode>0</Mode>
      <Scope>4</Scope>
      <OnDemand>0</OnDemand>
      <TriggerOnCreate>0</TriggerOnCreate>
      <TriggerOnDelete>0</TriggerOnDelete>
      <AsyncAutodelete>0</AsyncAutodelete>
      <SyncWorkflowLogOnFailure>1</SyncWorkflowLogOnFailure>
      <StateCode>0</StateCode>
      <StatusCode>1</StatusCode>
      <CreateStage>40</CreateStage>
      <RunAs>1</RunAs>
      <SdkMessageId>{1e6f3340-bc40-eb11-a813-000d3a31c867}</SdkMessageId>
      <UniqueName>GlobalCreateProgramPayment</UniqueName>
      <IsTransacted>1</IsTransacted>
      <IntroducedVersion>2019.01.09.01</IntroducedVersion>
      <IsCustomizable>1</IsCustomizable>
      <FormId>{00000000-0000-0000-0000-000000000000}</FormId>
      <IsCustomProcessingStepAllowedForOtherPublishers>1</IsCustomProcessingStepAllowedForOtherPublishers>
      <PrimaryEntity>none</PrimaryEntity>
      <LocalizedNames>
        <LocalizedName languagecode="1033" description="Global - Process Payment Request" />
      </LocalizedNames>
    </Workflow>
  </Workflows>
  <FieldSecurityProfiles></FieldSecurityProfiles>
  <Templates />
  <EntityMaps />
  <EntityRelationships />
  <OrganizationSettings />
  <optionsets />
  <CustomControls />
  <EntityDataProviders />
  <connectionreferences>
    <connectionreference connectionreferencelogicalname="ait_sharedcommondataserviceforapps_ab596">
      <connectionreferencedisplayname>Microsoft Dataverse</connectionreferencedisplayname>
      <connectorid>/providers/Microsoft.PowerApps/apis/shared_commondataserviceforapps</connectorid>
      <iscustomizable>1</iscustomizable>
      <statecode>0</statecode>
      <statuscode>1</statuscode>
    </connectionreference>
    <connectionreference connectionreferencelogicalname="ait_sharedcommondataserviceforapps_d7d56">
      <connectionreferencedisplayname>Microsoft Dataverse</connectionreferencedisplayname>
      <connectorid>/providers/Microsoft.PowerApps/apis/shared_commondataserviceforapps</connectorid>
      <iscustomizable>1</iscustomizable>
      <statecode>0</statecode>
      <statuscode>1</statuscode>
    </connectionreference>
  </connectionreferences>
  <Languages>
    <Language>1033</Language>
  </Languages>
</ImportExportXml>