<ImportExportXml xmlns:xsi="http://www.w3.org/2001/XMLSchema-instance">
  <Entities></Entities>
  <Roles></Roles>
  <Workflows></Workflows>
  <FieldSecurityProfiles></FieldSecurityProfiles>
  <Templates />
  <EntityMaps />
  <EntityRelationships />
  <OrganizationSettings />
  <optionsets />
  <Reports>
    <ReportSignatureIdMappings>
      <ReportSignatureIdMapping reportid="{b3dbdbee-533a-eb11-a813-000d3a31cf04}" signatureid="{00000000-0000-0000-0000-000000000000}" signaturelcid="0" />
      <ReportSignatureIdMapping reportid="{55602c9c-7023-ea11-a810-000d3a55d4d9}" signatureid="{00000000-0000-0000-0000-000000000000}" signaturelcid="0" />
      <ReportSignatureIdMapping reportid="{838cb503-2867-eb11-a812-002248080cb3}" signatureid="{00000000-0000-0000-0000-000000000000}" signaturelcid="0" />
      <ReportSignatureIdMapping reportid="{d698c7b8-2267-eb11-a812-00224808034f}" signatureid="{00000000-0000-0000-0000-000000000000}" signaturelcid="0" />
      <ReportSignatureIdMapping reportid="{d8f07b56-2467-eb11-a812-00224808034f}" signatureid="{00000000-0000-0000-0000-000000000000}" signaturelcid="0" />
      <ReportSignatureIdMapping reportid="{46f11679-ff6f-e811-82ea-000d3a1e90a2}" signatureid="{00000000-0000-0000-0000-000000000000}" signaturelcid="0" />
      <ReportSignatureIdMapping reportid="{20a3cff4-83a1-e811-8303-000d3a1e3659}" signatureid="{00000000-0000-0000-0000-000000000000}" signaturelcid="0" />
      <ReportSignatureIdMapping reportid="{05311756-a5ab-ec11-983f-000d3a349205}" signatureid="{00000000-0000-0000-0000-000000000000}" signaturelcid="0" />
      <ReportSignatureIdMapping reportid="{7a7669c7-cf72-eb11-a812-00224809acb6}" signatureid="{00000000-0000-0000-0000-000000000000}" signaturelcid="0" />
      <ReportSignatureIdMapping reportid="{5e6ad9d7-df72-eb11-a812-00224809acb6}" signatureid="{00000000-0000-0000-0000-000000000000}" signaturelcid="0" />
      <ReportSignatureIdMapping reportid="{eb4f7529-fad8-eb11-bacb-000d3a382a33}" signatureid="{00000000-0000-0000-0000-000000000000}" signaturelcid="0" />
      <ReportSignatureIdMapping reportid="{78a26693-2c3a-eb11-a813-000d3a31cf04}" signatureid="{00000000-0000-0000-0000-000000000000}" signaturelcid="0" />
      <ReportSignatureIdMapping reportid="{a608f08c-2c3a-eb11-a813-000d3a31cf04}" signatureid="{00000000-0000-0000-0000-000000000000}" signaturelcid="0" />
      <ReportSignatureIdMapping reportid="{a58fbe86-2c3a-eb11-a813-000d3a31cf04}" signatureid="{00000000-0000-0000-0000-000000000000}" signaturelcid="0" />
      <ReportSignatureIdMapping reportid="{cd6ca0fa-b1aa-ec11-983f-000d3a349205}" signatureid="{00000000-0000-0000-0000-000000000000}" signaturelcid="0" />
      <ReportSignatureIdMapping reportid="{f17155bc-fe75-e611-81cf-000d3a11d165}" signatureid="{00000000-0000-0000-0000-000000000000}" signaturelcid="0" />
      <ReportSignatureIdMapping reportid="{15561ba0-1159-ec11-8f8f-000d3a5b2a36}" signatureid="{00000000-0000-0000-0000-000000000000}" signaturelcid="0" />
      <ReportSignatureIdMapping reportid="{2e2414b0-e76f-e811-82ea-000d3a1e90a2}" signatureid="{00000000-0000-0000-0000-000000000000}" signaturelcid="0" />
      <ReportSignatureIdMapping reportid="{1e15b9bb-4884-ec11-8d21-002248087f2f}" signatureid="{00000000-0000-0000-0000-000000000000}" signaturelcid="0" />
      <ReportSignatureIdMapping reportid="{3af1e560-0373-e811-82ea-000d3a1e90a2}" signatureid="{00000000-0000-0000-0000-000000000000}" signaturelcid="0" />
      <ReportSignatureIdMapping reportid="{2cc05fd2-05dc-e511-8178-000d3a12ca6c}" signatureid="{00000000-0000-0000-0000-000000000000}" signaturelcid="0" />
      <ReportSignatureIdMapping reportid="{6169528d-8fa1-e811-8303-000d3a1e3659}" signatureid="{00000000-0000-0000-0000-000000000000}" signaturelcid="0" />
      <ReportSignatureIdMapping reportid="{ac8f5035-90a1-e811-8303-000d3a1e3659}" signatureid="{00000000-0000-0000-0000-000000000000}" signaturelcid="0" />
      <ReportSignatureIdMapping reportid="{55378480-90a1-e811-8303-000d3a1e3659}" signatureid="{00000000-0000-0000-0000-000000000000}" signaturelcid="0" />
      <ReportSignatureIdMapping reportid="{9e9c2f06-0b6f-e811-82ea-000d3a1e90a2}" signatureid="{00000000-0000-0000-0000-000000000000}" signaturelcid="0" />
      <ReportSignatureIdMapping reportid="{47a17041-fad8-eb11-bacb-000d3a382a33}" signatureid="{00000000-0000-0000-0000-000000000000}" signaturelcid="0" />
      <ReportSignatureIdMapping reportid="{a53a0922-de6b-eb11-a812-00224809a5b5}" signatureid="{00000000-0000-0000-0000-000000000000}" signaturelcid="0" />
      <ReportSignatureIdMapping reportid="{aeb81c79-6466-eb11-a812-002248080cb3}" signatureid="{00000000-0000-0000-0000-000000000000}" signaturelcid="0" />
      <ReportSignatureIdMapping reportid="{ef7f7ab5-a651-ea11-a812-000d3a55d474}" signatureid="{00000000-0000-0000-0000-000000000000}" signaturelcid="0" />
      <ReportSignatureIdMapping reportid="{3cad003f-4c15-ea11-a811-000d3a55d474}" signatureid="{00000000-0000-0000-0000-000000000000}" signaturelcid="0" />
      <ReportSignatureIdMapping reportid="{8b3a4954-640c-ea11-a811-000d3a55d924}" signatureid="{00000000-0000-0000-0000-000000000000}" signaturelcid="0" />
      <ReportSignatureIdMapping reportid="{af2f92c4-9213-ea11-a811-000d3a55d474}" signatureid="{00000000-0000-0000-0000-000000000000}" signaturelcid="0" />
      <ReportSignatureIdMapping reportid="{f27063ce-0b15-ea11-a811-000d3a55d474}" signatureid="{00000000-0000-0000-0000-000000000000}" signaturelcid="0" />
      <ReportSignatureIdMapping reportid="{b8d580cd-291d-ea11-a811-000d3a55d4d9}" signatureid="{00000000-0000-0000-0000-000000000000}" signaturelcid="0" />
      <ReportSignatureIdMapping reportid="{fb86f947-5f62-eb11-a812-000d3a321eb4}" signatureid="{00000000-0000-0000-0000-000000000000}" signaturelcid="0" />
      <ReportSignatureIdMapping reportid="{5348dd16-88a1-e811-8303-000d3a1e3659}" signatureid="{00000000-0000-0000-0000-000000000000}" signaturelcid="0" />
    </ReportSignatureIdMappings>
    <Report>
      <name>Active Fines and Fees</name>
      <iscustomreport>0</iscustomreport>
      <description>Tribal Court</description>
      <filename>Active Fines and Fees.rdl</filename>
      <languagecode>1033</languagecode>
      <reportid>{b3dbdbee-533a-eb11-a813-000d3a31cf04}</reportid>
      <reporttypecode>1</reporttypecode>
      <IntroducedVersion>2020.12.09.01</IntroducedVersion>
      <createdinmajorversion>9</createdinmajorversion>
      <iscustomizable>1</iscustomizable>
      <ExportedFileName>/Reports/ActiveFinesandFeesrdlb3dbdbee-533a-eb11-a813-000d3a31cf04</ExportedFileName>
      <ReportCategories />
      <ReportVisibilities>
        <ReportVisbility>1</ReportVisbility>
        <ReportVisbility>3</ReportVisbility>
      </ReportVisibilities>
      <ReportEntities>
        <ReportEntity>ait_courtfinesandfees</ReportEntity>
      </ReportEntities>
    </Report>
    <Report>
      <name>Appointment Print</name>
      <defaultfilter>
        <ReportFilter>
          <ReportEntity paramname="CRM_ait_referral" donotconvert="1">
            <fetch version="1.0" output-format="xml-platform" mapping="logical" distinct="false">
              <entity name="ait_referral">
                <all-attributes />
              </entity>
            </fetch>
          </ReportEntity>
        </ReportFilter>
      </defaultfilter>
      <iscustomreport>0</iscustomreport>
      <description>Family Wellness</description>
      <filename>Referral Appointment.rdl</filename>
      <languagecode>1033</languagecode>
      <reportid>{55602c9c-7023-ea11-a810-000d3a55d4d9}</reportid>
      <reporttypecode>1</reporttypecode>
      <IntroducedVersion>2020.10.1.01</IntroducedVersion>
      <createdinmajorversion>9</createdinmajorversion>
      <iscustomizable>1</iscustomizable>
      <ExportedFileName>/Reports/ReferralAppointmentrdl55602c9c-7023-ea11-a810-000d3a55d4d9</ExportedFileName>
      <ReportCategories />
      <ReportVisibilities>
        <ReportVisbility>2</ReportVisbility>
      </ReportVisibilities>
      <ReportEntities>
        <ReportEntity>ait_referral</ReportEntity>
      </ReportEntities>
    </Report>
    <Report>
      <name>Assessment Progress</name>
      <defaultfilter>
        <ReportFilter>
          <ReportEntity paramname="CRM_Filteredait_assessment" donotconvert="1">
            <fetch version="1.0" output-format="xml-platform" mapping="logical" distinct="false">
              <entity name="ait_assessment">
                <all-attributes />
              </entity>
            </fetch>
          </ReportEntity>
        </ReportFilter>
      </defaultfilter>
      <iscustomreport>0</iscustomreport>
      <description>Family Wellness</description>
      <filename>Assessment Progress.rdl</filename>
      <languagecode>1033</languagecode>
      <reportid>{838cb503-2867-eb11-a812-002248080cb3}</reportid>
      <reporttypecode>1</reporttypecode>
      <IntroducedVersion>2020.12.15.0</IntroducedVersion>
      <createdinmajorversion>9</createdinmajorversion>
      <iscustomizable>1</iscustomizable>
      <ExportedFileName>/Reports/AssessmentProgressrdl838cb503-2867-eb11-a812-002248080cb3</ExportedFileName>
      <ReportCategories />
      <ReportVisibilities>
        <ReportVisbility>1</ReportVisbility>
        <ReportVisbility>3</ReportVisbility>
        <ReportVisbility>2</ReportVisbility>
      </ReportVisibilities>
      <ReportEntities>
        <ReportEntity>ait_assessment</ReportEntity>
      </ReportEntities>
    </Report>
    <Report>
      <name>Case Summary</name>
      <defaultfilter>
        <ReportFilter>
          <ReportEntity paramname="CRM_ait_case" donotconvert="1">
            <fetch version="1.0" output-format="xml-platform" mapping="logical" distinct="false">
              <entity name="ait_case">
                <all-attributes />
              </entity>
            </fetch>
          </ReportEntity>
        </ReportFilter>
      </defaultfilter>
      <iscustomreport>0</iscustomreport>
      <filename>Case Summary.rdl</filename>
      <languagecode>1033</languagecode>
      <reportid>{d698c7b8-2267-eb11-a812-00224808034f}</reportid>
      <reporttypecode>1</reporttypecode>
      <IntroducedVersion>2020.12.15.0</IntroducedVersion>
      <createdinmajorversion>9</createdinmajorversion>
      <iscustomizable>1</iscustomizable>
      <ExportedFileName>/Reports/CaseSummaryrdld698c7b8-2267-eb11-a812-00224808034f</ExportedFileName>
      <ReportCategories />
      <ReportVisibilities>
        <ReportVisbility>2</ReportVisbility>
      </ReportVisibilities>
      <ReportEntities>
        <ReportEntity>ait_case</ReportEntity>
      </ReportEntities>
    </Report>
    <Report>
      <name>Caseworker Summary</name>
      <iscustomreport>0</iscustomreport>
      <filename>Caseworker Summary.rdl</filename>
      <languagecode>1033</languagecode>
      <reportid>{d8f07b56-2467-eb11-a812-00224808034f}</reportid>
      <reporttypecode>1</reporttypecode>
      <IntroducedVersion>2020.12.15.0</IntroducedVersion>
      <createdinmajorversion>9</createdinmajorversion>
      <iscustomizable>1</iscustomizable>
      <ExportedFileName>/Reports/CaseworkerSummaryrdld8f07b56-2467-eb11-a812-00224808034f</ExportedFileName>
      <ReportCategories />
      <ReportVisibilities>
        <ReportVisbility>3</ReportVisbility>
      </ReportVisibilities>
      <ReportEntities>
        <ReportEntity>ait_clientprofile</ReportEntity>
        <ReportEntity>ait_caseplan</ReportEntity>
        <ReportEntity>ait_referral</ReportEntity>
      </ReportEntities>
    </Report>
    <Report>
      <name>Census Individual Family Card</name>
      <defaultfilter>
        <ReportFilter>
          <ReportEntity paramname="CRM_ait_memberprofile" donotconvert="1">
            <fetch version="1.0" output-format="xml-platform" mapping="logical" distinct="false">
              <entity name="ait_memberprofile">
                <all-attributes />
              </entity>
            </fetch>
          </ReportEntity>
        </ReportFilter>
      </defaultfilter>
      <iscustomreport>0</iscustomreport>
      <filename>CensusIndividualFamilyCardFetch.rdl</filename>
      <languagecode>1033</languagecode>
      <reportid>{46f11679-ff6f-e811-82ea-000d3a1e90a2}</reportid>
      <reporttypecode>1</reporttypecode>
      <IntroducedVersion>2020.02.17.1</IntroducedVersion>
      <createdinmajorversion>8</createdinmajorversion>
      <iscustomizable>1</iscustomizable>
      <ExportedFileName>/Reports/CensusIndividualFamilyCardFetchrdl46f11679-ff6f-e811-82ea-000d3a1e90a2</ExportedFileName>
      <ReportCategories />
      <ReportVisibilities>
        <ReportVisbility>2</ReportVisbility>
      </ReportVisibilities>
      <ReportEntities>
        <ReportEntity>ait_memberprofile</ReportEntity>
      </ReportEntities>
    </Report>
    <Report>
      <name>Certificate Of Indian Blood</name>
      <defaultfilter>
        <ReportFilter>
          <ReportEntity paramname="CRM_ait_memberprofile" donotconvert="1">
            <fetch version="1.0" output-format="xml-platform" mapping="logical" distinct="false">
              <entity name="ait_memberprofile">
                <all-attributes />
              </entity>
            </fetch>
          </ReportEntity>
        </ReportFilter>
      </defaultfilter>
      <iscustomreport>0</iscustomreport>
      <filename>CertificateOfIndianBloodFetch.rdl</filename>
      <languagecode>1033</languagecode>
      <reportid>{20a3cff4-83a1-e811-8303-000d3a1e3659}</reportid>
      <reporttypecode>1</reporttypecode>
      <IntroducedVersion>2020.02.17.1</IntroducedVersion>
      <createdinmajorversion>8</createdinmajorversion>
      <iscustomizable>1</iscustomizable>
      <ExportedFileName>/Reports/CertificateOfIndianBloodFetchrdl20a3cff4-83a1-e811-8303-000d3a1e3659</ExportedFileName>
      <ReportCategories />
      <ReportVisibilities>
        <ReportVisbility>2</ReportVisbility>
      </ReportVisibilities>
      <ReportEntities>
        <ReportEntity>ait_memberprofile</ReportEntity>
      </ReportEntities>
    </Report>
    <Report>
      <name>ClientProfileSummary</name>
      <defaultfilter>
        <ReportFilter>
          <ReportEntity paramname="CRM_ait_clientprofile" donotconvert="1">
            <fetch version="1.0" output-format="xml-platform" mapping="logical" distinct="false">
              <entity name="ait_clientprofile">
                <all-attributes />
              </entity>
            </fetch>
          </ReportEntity>
        </ReportFilter>
      </defaultfilter>
      <iscustomreport>0</iscustomreport>
      <filename>ClientProfileSummary.rdl</filename>
      <languagecode>1033</languagecode>
      <reportid>{05311756-a5ab-ec11-983f-000d3a349205}</reportid>
      <reporttypecode>1</reporttypecode>
      <IntroducedVersion>2022.03.24.1</IntroducedVersion>
      <createdinmajorversion>9</createdinmajorversion>
      <iscustomizable>1</iscustomizable>
      <ExportedFileName>/Reports/ClientProfileSummaryrdl05311756-a5ab-ec11-983f-000d3a349205</ExportedFileName>
      <ReportCategories />
      <ReportVisibilities>
        <ReportVisbility>2</ReportVisbility>
      </ReportVisibilities>
      <ReportEntities>
        <ReportEntity>ait_clientprofile</ReportEntity>
      </ReportEntities>
    </Report>
    <Report>
      <name>Court Docket</name>
      <iscustomreport>0</iscustomreport>
      <filename>CourtDocket.rdl</filename>
      <languagecode>1033</languagecode>
      <reportid>{7a7669c7-cf72-eb11-a812-00224809acb6}</reportid>
      <reporttypecode>1</reporttypecode>
      <IntroducedVersion>2021.02.16.01</IntroducedVersion>
      <createdinmajorversion>9</createdinmajorversion>
      <iscustomizable>1</iscustomizable>
      <ExportedFileName>/Reports/CourtDocketrdl7a7669c7-cf72-eb11-a812-00224809acb6</ExportedFileName>
      <ReportCategories />
      <ReportVisibilities>
        <ReportVisbility>1</ReportVisbility>
        <ReportVisbility>3</ReportVisbility>
        <ReportVisbility>2</ReportVisbility>
      </ReportVisibilities>
      <ReportEntities>
        <ReportEntity>ait_courthearing</ReportEntity>
        <ReportEntity>ait_courtcase</ReportEntity>
      </ReportEntities>
    </Report>
    <Report>
      <name>Court Profile Summary</name>
      <defaultfilter>
        <ReportFilter>
          <ReportEntity paramname="CRM_ait_courtprofile" donotconvert="1">
            <fetch version="1.0" output-format="xml-platform" mapping="logical" distinct="false">
              <entity name="ait_courtprofile">
                <all-attributes />
              </entity>
            </fetch>
          </ReportEntity>
        </ReportFilter>
      </defaultfilter>
      <iscustomreport>0</iscustomreport>
      <filename>CourtProfileSummary.rdl</filename>
      <languagecode>1033</languagecode>
      <reportid>{5e6ad9d7-df72-eb11-a812-00224809acb6}</reportid>
      <reporttypecode>1</reporttypecode>
      <IntroducedVersion>2021.02.16.01</IntroducedVersion>
      <createdinmajorversion>9</createdinmajorversion>
      <iscustomizable>1</iscustomizable>
      <ExportedFileName>/Reports/CourtProfileSummaryrdl5e6ad9d7-df72-eb11-a812-00224809acb6</ExportedFileName>
      <ReportCategories />
      <ReportVisibilities>
        <ReportVisbility>2</ReportVisbility>
      </ReportVisibilities>
      <ReportEntities>
        <ReportEntity>ait_courtprofile</ReportEntity>
      </ReportEntities>
    </Report>
    <Report>
      <name>Default Judgment</name>
      <defaultfilter>
        <ReportFilter>
          <ReportEntity paramname="CRM_ait_courtcase" donotconvert="1">
            <fetch version="1.0" output-format="xml-platform" mapping="logical" distinct="false">
              <entity name="ait_courtcase">
                <all-attributes />
              </entity>
            </fetch>
          </ReportEntity>
        </ReportFilter>
      </defaultfilter>
      <iscustomreport>0</iscustomreport>
      <filename>Default Judgment.rdl</filename>
      <languagecode>1033</languagecode>
      <reportid>{eb4f7529-fad8-eb11-bacb-000d3a382a33}</reportid>
      <reporttypecode>1</reporttypecode>
      <IntroducedVersion>2021.04.01.01</IntroducedVersion>
      <createdinmajorversion>9</createdinmajorversion>
      <iscustomizable>1</iscustomizable>
      <ExportedFileName>/Reports/DefaultJudgmentrdleb4f7529-fad8-eb11-bacb-000d3a382a33</ExportedFileName>
      <ReportCategories />
      <ReportVisibilities>
        <ReportVisbility>2</ReportVisbility>
      </ReportVisibilities>
      <ReportEntities>
        <ReportEntity>ait_courthearing</ReportEntity>
      </ReportEntities>
    </Report>
    <Report>
      <name>Enrollment Exception Report</name>
      <iscustomreport>0</iscustomreport>
      <filename>Enrollment Exception Report.rdl</filename>
      <languagecode>1033</languagecode>
      <reportid>{78a26693-2c3a-eb11-a813-000d3a31cf04}</reportid>
      <reporttypecode>1</reporttypecode>
      <IntroducedVersion>2020.02.17.1</IntroducedVersion>
      <createdinmajorversion>9</createdinmajorversion>
      <iscustomizable>1</iscustomizable>
      <ExportedFileName>/Reports/EnrollmentExceptionReportrdl78a26693-2c3a-eb11-a813-000d3a31cf04</ExportedFileName>
      <ReportCategories />
      <ReportVisibilities>
        <ReportVisbility>1</ReportVisbility>
      </ReportVisibilities>
      <ReportEntities />
    </Report>
    <Report>
      <name>Enrollment Record Count Configurations</name>
      <iscustomreport>0</iscustomreport>
      <filename>Enrollment Record Count Configurations.rdl</filename>
      <languagecode>1033</languagecode>
      <reportid>{a608f08c-2c3a-eb11-a813-000d3a31cf04}</reportid>
      <reporttypecode>1</reporttypecode>
      <IntroducedVersion>2020.02.17.1</IntroducedVersion>
      <createdinmajorversion>9</createdinmajorversion>
      <iscustomizable>1</iscustomizable>
      <ExportedFileName>/Reports/EnrollmentRecordCountConfigurationsrdla608f08c-2c3a-eb11-a813-000d3a31cf04</ExportedFileName>
      <ReportCategories />
      <ReportVisibilities>
        <ReportVisbility>1</ReportVisbility>
      </ReportVisibilities>
      <ReportEntities />
    </Report>
    <Report>
      <name>Enrollment Record Count Other</name>
      <iscustomreport>0</iscustomreport>
      <filename>Enrollment Record Count Other.rdl</filename>
      <languagecode>1033</languagecode>
      <reportid>{a58fbe86-2c3a-eb11-a813-000d3a31cf04}</reportid>
      <reporttypecode>1</reporttypecode>
      <IntroducedVersion>2020.02.17.1</IntroducedVersion>
      <createdinmajorversion>9</createdinmajorversion>
      <iscustomizable>1</iscustomizable>
      <ExportedFileName>/Reports/EnrollmentRecordCountOtherrdla58fbe86-2c3a-eb11-a813-000d3a31cf04</ExportedFileName>
      <ReportCategories />
      <ReportVisibilities>
        <ReportVisbility>1</ReportVisbility>
      </ReportVisibilities>
      <ReportEntities />
    </Report>
    <Report>
      <name>Family Group Summary</name>
      <defaultfilter>
        <ReportFilter>
          <ReportEntity paramname="CRM_ait_familygroup" donotconvert="1">
            <fetch version="1.0" output-format="xml-platform" mapping="logical" distinct="false">
              <entity name="ait_familygroup">
                <all-attributes />
              </entity>
            </fetch>
          </ReportEntity>
          <ReportEntity paramname="CRM_ait_clientprofile" donotconvert="1">
            <fetch version="1.0" output-format="xml-platform" mapping="logical" distinct="false">
              <entity name="ait_clientprofile">
                <all-attributes />
              </entity>
            </fetch>
          </ReportEntity>
        </ReportFilter>
      </defaultfilter>
      <iscustomreport>0</iscustomreport>
      <filename>FamilyGroupSummary.rdl</filename>
      <languagecode>1033</languagecode>
      <reportid>{cd6ca0fa-b1aa-ec11-983f-000d3a349205}</reportid>
      <reporttypecode>1</reporttypecode>
      <IntroducedVersion>2022.03.22.2</IntroducedVersion>
      <createdinmajorversion>9</createdinmajorversion>
      <iscustomizable>1</iscustomizable>
      <ExportedFileName>/Reports/FamilyGroupSummaryrdlcd6ca0fa-b1aa-ec11-983f-000d3a349205</ExportedFileName>
      <ReportCategories />
      <ReportVisibilities>
        <ReportVisbility>3</ReportVisbility>
        <ReportVisbility>2</ReportVisbility>
      </ReportVisibilities>
      <ReportEntities>
        <ReportEntity>ait_familygroup</ReportEntity>
      </ReportEntities>
    </Report>
    <Report>
      <name>Family Tree - 5 Generation</name>
      <defaultfilter>
        <ReportFilter>
          <ReportEntity paramname="CRM_ait_memberprofile" donotconvert="1">
            <fetch version="1.0" output-format="xml-platform" mapping="logical" distinct="false">
              <entity name="ait_memberprofile">
                <all-attributes />
              </entity>
            </fetch>
          </ReportEntity>
        </ReportFilter>
      </defaultfilter>
      <iscustomreport>0</iscustomreport>
      <filename>FamilyTree5GenFetch.rdl</filename>
      <languagecode>1033</languagecode>
      <reportid>{f17155bc-fe75-e611-81cf-000d3a11d165}</reportid>
      <reporttypecode>1</reporttypecode>
      <IntroducedVersion>2020.02.17.1</IntroducedVersion>
      <createdinmajorversion>8</createdinmajorversion>
      <iscustomizable>1</iscustomizable>
      <ExportedFileName>/Reports/FamilyTree5GenFetchrdlf17155bc-fe75-e611-81cf-000d3a11d165</ExportedFileName>
      <ReportCategories />
      <ReportVisibilities>
        <ReportVisbility>2</ReportVisbility>
      </ReportVisibilities>
      <ReportEntities>
        <ReportEntity>ait_memberprofile</ReportEntity>
      </ReportEntities>
    </Report>
    <Report>
      <name>ICW Quarterly and Annual Program Report</name>
      <iscustomreport>0</iscustomreport>
      <filename>ICW Quarterly and Annual Program Report.rdl</filename>
      <languagecode>1033</languagecode>
      <reportid>{15561ba0-1159-ec11-8f8f-000d3a5b2a36}</reportid>
      <reporttypecode>1</reporttypecode>
      <IntroducedVersion>2021.04.01.2</IntroducedVersion>
      <createdinmajorversion>9</createdinmajorversion>
      <iscustomizable>1</iscustomizable>
      <ExportedFileName>/Reports/ICWQuarterlyandAnnualProgramReportrdl15561ba0-1159-ec11-8f8f-000d3a5b2a36</ExportedFileName>
      <ReportCategories />
      <ReportVisibilities>
        <ReportVisbility>1</ReportVisbility>
        <ReportVisbility>3</ReportVisbility>
      </ReportVisibilities>
      <ReportEntities>
        <ReportEntity>ait_case</ReportEntity>
        <ReportEntity>ait_incidents</ReportEntity>
        <ReportEntity>ait_icwanotice</ReportEntity>
      </ReportEntities>
    </Report>
    <Report>
      <name>Identity Certification Report</name>
      <defaultfilter>
        <ReportFilter>
          <ReportEntity paramname="CRM_ait_memberprofile" donotconvert="1">
            <fetch version="1.0" output-format="xml-platform" mapping="logical" distinct="false">
              <entity name="ait_memberprofile">
                <all-attributes />
              </entity>
            </fetch>
          </ReportEntity>
        </ReportFilter>
      </defaultfilter>
      <iscustomreport>0</iscustomreport>
      <filename>IdentityCertificationFetch.rdl</filename>
      <languagecode>1033</languagecode>
      <reportid>{2e2414b0-e76f-e811-82ea-000d3a1e90a2}</reportid>
      <reporttypecode>1</reporttypecode>
      <IntroducedVersion>2020.02.17.1</IntroducedVersion>
      <createdinmajorversion>8</createdinmajorversion>
      <iscustomizable>1</iscustomizable>
      <ExportedFileName>/Reports/IdentityCertificationFetchrdl2e2414b0-e76f-e811-82ea-000d3a1e90a2</ExportedFileName>
      <ReportCategories />
      <ReportVisibilities>
        <ReportVisbility>2</ReportVisbility>
      </ReportVisibilities>
      <ReportEntities>
        <ReportEntity>ait_memberprofile</ReportEntity>
      </ReportEntities>
    </Report>
    <Report>
      <name>Incident Summary</name>
      <iscustomreport>0</iscustomreport>
      <filename>Incident Summary.rdl</filename>
      <languagecode>1033</languagecode>
      <reportid>{1e15b9bb-4884-ec11-8d21-002248087f2f}</reportid>
      <reporttypecode>1</reporttypecode>
      <IntroducedVersion>2022.02.01.1</IntroducedVersion>
      <createdinmajorversion>9</createdinmajorversion>
      <iscustomizable>1</iscustomizable>
      <ExportedFileName>/Reports/IncidentSummaryrdl1e15b9bb-4884-ec11-8d21-002248087f2f</ExportedFileName>
      <ReportCategories />
      <ReportVisibilities>
        <ReportVisbility>1</ReportVisbility>
        <ReportVisbility>3</ReportVisbility>
      </ReportVisibilities>
      <ReportEntities>
        <ReportEntity>ait_incidents</ReportEntity>
      </ReportEntities>
    </Report>
    <Report>
      <name>Individual Family Report</name>
      <defaultfilter>
        <ReportFilter>
          <ReportEntity paramname="CRM_ait_memberprofile" donotconvert="1">
            <fetch version="1.0" output-format="xml-platform" mapping="logical" distinct="false">
              <entity name="ait_memberprofile">
                <all-attributes />
              </entity>
            </fetch>
          </ReportEntity>
        </ReportFilter>
      </defaultfilter>
      <iscustomreport>0</iscustomreport>
      <filename>IndividualFamilyReportFetch.rdl</filename>
      <languagecode>1033</languagecode>
      <reportid>{3af1e560-0373-e811-82ea-000d3a1e90a2}</reportid>
      <reporttypecode>1</reporttypecode>
      <IntroducedVersion>2020.02.17.1</IntroducedVersion>
      <createdinmajorversion>8</createdinmajorversion>
      <iscustomizable>1</iscustomizable>
      <ExportedFileName>/Reports/IndividualFamilyReportFetchrdl3af1e560-0373-e811-82ea-000d3a1e90a2</ExportedFileName>
      <ReportCategories />
      <ReportVisibilities>
        <ReportVisbility>2</ReportVisbility>
      </ReportVisibilities>
      <ReportEntities>
        <ReportEntity>ait_memberprofile</ReportEntity>
      </ReportEntities>
    </Report>
    <Report>
      <name>Kinship Report</name>
      <defaultfilter>
        <ReportFilter>
          <ReportEntity paramname="CRM_ait_memberprofile" donotconvert="1">
            <fetch version="1.0" output-format="xml-platform" mapping="logical" distinct="false">
              <entity name="ait_memberprofile">
                <all-attributes />
              </entity>
            </fetch>
          </ReportEntity>
        </ReportFilter>
      </defaultfilter>
      <iscustomreport>0</iscustomreport>
      <filename>KinshipReportFetch.rdl</filename>
      <languagecode>1033</languagecode>
      <reportid>{2cc05fd2-05dc-e511-8178-000d3a12ca6c}</reportid>
      <reporttypecode>1</reporttypecode>
      <IntroducedVersion>2020.02.17.1</IntroducedVersion>
      <createdinmajorversion>8</createdinmajorversion>
      <iscustomizable>1</iscustomizable>
      <ExportedFileName>/Reports/KinshipReportFetchrdl2cc05fd2-05dc-e511-8178-000d3a12ca6c</ExportedFileName>
      <ReportCategories />
      <ReportVisibilities>
        <ReportVisbility>2</ReportVisbility>
      </ReportVisibilities>
      <ReportEntities>
        <ReportEntity>ait_memberprofile</ReportEntity>
      </ReportEntities>
    </Report>
    <Report>
      <name>Mailing Labels Report</name>
      <defaultfilter>
        <ReportFilter>
          <ReportEntity paramname="CRM_contact" donotconvert="1">
            <fetch version="1.0" output-format="xml-platform" mapping="logical" distinct="false">
              <entity name="contact">
                <all-attributes />
              </entity>
            </fetch>
          </ReportEntity>
        </ReportFilter>
      </defaultfilter>
      <iscustomreport>0</iscustomreport>
      <filename>MailingLabelsFetch.rdl</filename>
      <languagecode>1033</languagecode>
      <reportid>{6169528d-8fa1-e811-8303-000d3a1e3659}</reportid>
      <reporttypecode>1</reporttypecode>
      <IntroducedVersion>2020.02.17.1</IntroducedVersion>
      <createdinmajorversion>8</createdinmajorversion>
      <iscustomizable>1</iscustomizable>
      <ExportedFileName>/Reports/MailingLabelsFetchrdl6169528d-8fa1-e811-8303-000d3a1e3659</ExportedFileName>
      <ReportCategories />
      <ReportVisibilities>
        <ReportVisbility>1</ReportVisbility>
        <ReportVisbility>2</ReportVisbility>
        <ReportVisbility>3</ReportVisbility>
      </ReportVisibilities>
      <ReportEntities>
        <ReportEntity>contact</ReportEntity>
      </ReportEntities>
    </Report>
    <Report>
      <name>Mailing Labels Unique Addresses Report</name>
      <defaultfilter>
        <ReportFilter>
          <ReportEntity paramname="CRM_ait_physicaladdress" donotconvert="1">
            <fetch version="1.0" output-format="xml-platform" mapping="logical" distinct="false">
              <entity name="ait_physicaladdress">
                <all-attributes />
              </entity>
            </fetch>
          </ReportEntity>
          <ReportEntity paramname="CRM_contact" donotconvert="1">
            <fetch version="1.0" output-format="xml-platform" mapping="logical" distinct="false">
              <entity name="contact">
                <all-attributes />
              </entity>
            </fetch>
          </ReportEntity>
        </ReportFilter>
      </defaultfilter>
      <iscustomreport>0</iscustomreport>
      <description>does not look at household entity when determining uniqueness</description>
      <filename>MailingLabelsUniqueAddressFetch.rdl</filename>
      <languagecode>1033</languagecode>
      <reportid>{ac8f5035-90a1-e811-8303-000d3a1e3659}</reportid>
      <reporttypecode>1</reporttypecode>
      <IntroducedVersion>2020.02.17.1</IntroducedVersion>
      <createdinmajorversion>8</createdinmajorversion>
      <iscustomizable>1</iscustomizable>
      <ExportedFileName>/Reports/MailingLabelsUniqueAddressFetchrdlac8f5035-90a1-e811-8303-000d3a1e3659</ExportedFileName>
      <ReportCategories />
      <ReportVisibilities>
        <ReportVisbility>1</ReportVisbility>
        <ReportVisbility>2</ReportVisbility>
        <ReportVisbility>3</ReportVisbility>
      </ReportVisibilities>
      <ReportEntities>
        <ReportEntity>contact</ReportEntity>
      </ReportEntities>
    </Report>
    <Report>
      <name>Mailing Labels Unique Households Report</name>
      <defaultfilter>
        <ReportFilter>
          <ReportEntity paramname="CRM_contact" donotconvert="1">
            <fetch version="1.0" output-format="xml-platform" mapping="logical" distinct="false">
              <entity name="contact">
                <all-attributes />
              </entity>
            </fetch>
          </ReportEntity>
        </ReportFilter>
      </defaultfilter>
      <iscustomreport>0</iscustomreport>
      <description>Generates a mailing label for each unique head of household mailing address</description>
      <filename>MailingLabelsUniqueHouseholdsFetch.rdl</filename>
      <languagecode>1033</languagecode>
      <reportid>{55378480-90a1-e811-8303-000d3a1e3659}</reportid>
      <reporttypecode>1</reporttypecode>
      <IntroducedVersion>2020.02.17.1</IntroducedVersion>
      <createdinmajorversion>8</createdinmajorversion>
      <iscustomizable>1</iscustomizable>
      <ExportedFileName>/Reports/MailingLabelsUniqueHouseholdsFetchrdl55378480-90a1-e811-8303-000d3a1e3659</ExportedFileName>
      <ReportCategories />
      <ReportVisibilities>
        <ReportVisbility>1</ReportVisbility>
        <ReportVisbility>2</ReportVisbility>
        <ReportVisbility>3</ReportVisbility>
      </ReportVisibilities>
      <ReportEntities>
        <ReportEntity>contact</ReportEntity>
      </ReportEntities>
    </Report>
    <Report>
      <name>Member Profile Report</name>
      <defaultfilter>
        <ReportFilter>
          <ReportEntity paramname="CRM_ait_memberprofile" donotconvert="1">
            <fetch version="1.0" output-format="xml-platform" mapping="logical" distinct="false">
              <entity name="ait_memberprofile">
                <all-attributes />
              </entity>
            </fetch>
          </ReportEntity>
          <ReportEntity paramname="CRM_contact" donotconvert="1">
            <fetch version="1.0" output-format="xml-platform" mapping="logical" distinct="false">
              <entity name="contact">
                <all-attributes />
              </entity>
            </fetch>
          </ReportEntity>
        </ReportFilter>
      </defaultfilter>
      <iscustomreport>0</iscustomreport>
      <filename>MemberProfileFetch.rdl</filename>
      <languagecode>1033</languagecode>
      <reportid>{9e9c2f06-0b6f-e811-82ea-000d3a1e90a2}</reportid>
      <reporttypecode>1</reporttypecode>
      <IntroducedVersion>2020.02.17.1</IntroducedVersion>
      <createdinmajorversion>8</createdinmajorversion>
      <iscustomizable>1</iscustomizable>
      <ExportedFileName>/Reports/MemberProfileFetchrdl9e9c2f06-0b6f-e811-82ea-000d3a1e90a2</ExportedFileName>
      <ReportCategories />
      <ReportVisibilities>
        <ReportVisbility>2</ReportVisbility>
      </ReportVisibilities>
      <ReportEntities>
        <ReportEntity>ait_memberprofile</ReportEntity>
      </ReportEntities>
    </Report>
    <Report>
      <name>Orders</name>
      <defaultfilter>
        <ReportFilter>
          <ReportEntity paramname="CRM_ait_courtcase" donotconvert="1">
            <fetch version="1.0" output-format="xml-platform" mapping="logical" distinct="false">
              <entity name="ait_courtcase">
                <all-attributes />
              </entity>
            </fetch>
          </ReportEntity>
        </ReportFilter>
      </defaultfilter>
      <iscustomreport>0</iscustomreport>
      <filename>Orders.rdl</filename>
      <languagecode>1033</languagecode>
      <reportid>{47a17041-fad8-eb11-bacb-000d3a382a33}</reportid>
      <reporttypecode>1</reporttypecode>
      <IntroducedVersion>2021.04.01.01</IntroducedVersion>
      <createdinmajorversion>9</createdinmajorversion>
      <iscustomizable>1</iscustomizable>
      <ExportedFileName>/Reports/Ordersrdl47a17041-fad8-eb11-bacb-000d3a382a33</ExportedFileName>
      <ReportCategories />
      <ReportVisibilities>
        <ReportVisbility>2</ReportVisbility>
      </ReportVisibilities>
      <ReportEntities>
        <ReportEntity>ait_courthearing</ReportEntity>
      </ReportEntities>
    </Report>
    <Report>
      <name>Payment Event Exception Report</name>
      <defaultfilter>
        <ReportFilter>
          <ReportEntity paramname="CRM_ait_pmtevent" donotconvert="1">
            <fetch version="1.0" output-format="xml-platform" mapping="logical" distinct="false">
              <entity name="ait_pmtevent">
                <all-attributes />
              </entity>
            </fetch>
          </ReportEntity>
        </ReportFilter>
      </defaultfilter>
      <iscustomreport>0</iscustomreport>
      <filename>Payment Event Exception Report.rdl</filename>
      <languagecode>1033</languagecode>
      <reportid>{a53a0922-de6b-eb11-a812-00224809a5b5}</reportid>
      <reporttypecode>1</reporttypecode>
      <IntroducedVersion>1.0</IntroducedVersion>
      <createdinmajorversion>9</createdinmajorversion>
      <iscustomizable>1</iscustomizable>
      <ExportedFileName>/Reports/PaymentEventExceptionReportrdla53a0922-de6b-eb11-a812-00224809a5b5</ExportedFileName>
      <ReportCategories />
      <ReportVisibilities>
        <ReportVisbility>3</ReportVisbility>
        <ReportVisbility>2</ReportVisbility>
      </ReportVisibilities>
      <ReportEntities>
        <ReportEntity>ait_pmtevent</ReportEntity>
      </ReportEntities>
    </Report>
    <Report>
      <name>Payment Event Pre-Check Report</name>
      <defaultfilter>
        <ReportFilter>
          <ReportEntity paramname="CRM_ait_pmtevent" donotconvert="1">
            <fetch version="1.0" output-format="xml-platform" mapping="logical" distinct="false">
              <entity name="ait_pmtevent">
                <all-attributes />
              </entity>
            </fetch>
          </ReportEntity>
        </ReportFilter>
      </defaultfilter>
      <iscustomreport>0</iscustomreport>
      <filename>Payment Event Pre Check Report.rdl</filename>
      <languagecode>1033</languagecode>
      <reportid>{aeb81c79-6466-eb11-a812-002248080cb3}</reportid>
      <reporttypecode>1</reporttypecode>
      <IntroducedVersion>1.0</IntroducedVersion>
      <createdinmajorversion>9</createdinmajorversion>
      <iscustomizable>1</iscustomizable>
      <ExportedFileName>/Reports/PaymentEventPreCheckReportrdlaeb81c79-6466-eb11-a812-002248080cb3</ExportedFileName>
      <ReportCategories />
      <ReportVisibilities>
        <ReportVisbility>2</ReportVisbility>
        <ReportVisbility>3</ReportVisbility>
      </ReportVisibilities>
      <ReportEntities>
        <ReportEntity>ait_pmtevent</ReportEntity>
      </ReportEntities>
    </Report>
    <Report>
      <name>Placement Detail</name>
      <defaultfilter>
        <ReportFilter>
          <ReportEntity paramname="CRM_ait_placementlocation" donotconvert="1">
            <fetch version="1.0" output-format="xml-platform" mapping="logical" distinct="false">
              <entity name="ait_placementlocation">
                <all-attributes />
              </entity>
            </fetch>
          </ReportEntity>
        </ReportFilter>
      </defaultfilter>
      <iscustomreport>0</iscustomreport>
      <filename>Placement Detail.rdl</filename>
      <languagecode>1033</languagecode>
      <reportid>{ef7f7ab5-a651-ea11-a812-000d3a55d474}</reportid>
      <reporttypecode>1</reporttypecode>
      <IntroducedVersion>2020.10.1.01</IntroducedVersion>
      <createdinmajorversion>9</createdinmajorversion>
      <iscustomizable>1</iscustomizable>
      <ExportedFileName>/Reports/PlacementDetailrdlef7f7ab5-a651-ea11-a812-000d3a55d474</ExportedFileName>
      <ReportCategories />
      <ReportVisibilities>
        <ReportVisbility>2</ReportVisbility>
      </ReportVisibilities>
      <ReportEntities>
        <ReportEntity>ait_placementlocation</ReportEntity>
      </ReportEntities>
    </Report>
    <Report>
      <name>Placement Summary</name>
      <iscustomreport>0</iscustomreport>
      <filename>Placement Summary - All.rdl</filename>
      <languagecode>1033</languagecode>
      <reportid>{3cad003f-4c15-ea11-a811-000d3a55d474}</reportid>
      <reporttypecode>1</reporttypecode>
      <IntroducedVersion>2020.10.1.01</IntroducedVersion>
      <createdinmajorversion>9</createdinmajorversion>
      <iscustomizable>1</iscustomizable>
      <ExportedFileName>/Reports/PlacementSummary-Allrdl3cad003f-4c15-ea11-a811-000d3a55d474</ExportedFileName>
      <ReportCategories />
      <ReportVisibilities>
        <ReportVisbility>1</ReportVisbility>
        <ReportVisbility>3</ReportVisbility>
      </ReportVisibilities>
      <ReportEntities>
        <ReportEntity>ait_placement</ReportEntity>
      </ReportEntities>
    </Report>
    <Report>
      <name>Plan Summary</name>
      <defaultfilter>
        <ReportFilter>
          <ReportEntity paramname="CRM_ait_caseplan" donotconvert="1">
            <fetch version="1.0" output-format="xml-platform" mapping="logical" distinct="false">
              <entity name="ait_caseplan">
                <all-attributes />
              </entity>
            </fetch>
          </ReportEntity>
        </ReportFilter>
      </defaultfilter>
      <iscustomreport>0</iscustomreport>
      <filename>Plan Summary.rdl</filename>
      <languagecode>1033</languagecode>
      <reportid>{8b3a4954-640c-ea11-a811-000d3a55d924}</reportid>
      <reporttypecode>1</reporttypecode>
      <IntroducedVersion>2020.10.1.01</IntroducedVersion>
      <createdinmajorversion>9</createdinmajorversion>
      <iscustomizable>1</iscustomizable>
      <ExportedFileName>/Reports/PlanSummaryrdl8b3a4954-640c-ea11-a811-000d3a55d924</ExportedFileName>
      <ReportCategories />
      <ReportVisibilities>
        <ReportVisbility>2</ReportVisbility>
      </ReportVisibilities>
      <ReportEntities>
        <ReportEntity>ait_caseplan</ReportEntity>
      </ReportEntities>
    </Report>
    <Report>
      <name>Program Detail</name>
      <defaultfilter>
        <ReportFilter>
          <ReportEntity paramname="CRM_ait_program" donotconvert="1">
            <fetch version="1.0" output-format="xml-platform" mapping="logical" distinct="false">
              <entity name="ait_program">
                <all-attributes />
              </entity>
            </fetch>
          </ReportEntity>
        </ReportFilter>
      </defaultfilter>
      <iscustomreport>0</iscustomreport>
      <filename>Program Detail.rdl</filename>
      <languagecode>1033</languagecode>
      <reportid>{af2f92c4-9213-ea11-a811-000d3a55d474}</reportid>
      <reporttypecode>1</reporttypecode>
      <IntroducedVersion>2020.10.1.01</IntroducedVersion>
      <createdinmajorversion>9</createdinmajorversion>
      <iscustomizable>1</iscustomizable>
      <ExportedFileName>/Reports/ProgramDetailrdlaf2f92c4-9213-ea11-a811-000d3a55d474</ExportedFileName>
      <ReportCategories />
      <ReportVisibilities>
        <ReportVisbility>2</ReportVisbility>
      </ReportVisibilities>
      <ReportEntities>
        <ReportEntity>ait_program</ReportEntity>
      </ReportEntities>
    </Report>
    <Report>
      <name>Program Summary</name>
      <defaultfilter></defaultfilter>
      <iscustomreport>0</iscustomreport>
      <filename>Program Summary.rdl</filename>
      <languagecode>1033</languagecode>
      <reportid>{f27063ce-0b15-ea11-a811-000d3a55d474}</reportid>
      <reporttypecode>1</reporttypecode>
      <IntroducedVersion>2020.10.1.01</IntroducedVersion>
      <createdinmajorversion>9</createdinmajorversion>
      <iscustomizable>1</iscustomizable>
      <ExportedFileName>/Reports/ProgramSummaryrdlf27063ce-0b15-ea11-a811-000d3a55d474</ExportedFileName>
      <ReportCategories />
      <ReportVisibilities>
        <ReportVisbility>1</ReportVisbility>
        <ReportVisbility>3</ReportVisbility>
      </ReportVisibilities>
      <ReportEntities>
        <ReportEntity>ait_program</ReportEntity>
      </ReportEntities>
    </Report>
    <Report>
      <name>Referral Summary</name>
      <iscustomreport>0</iscustomreport>
      <filename>Referral Summary.rdl</filename>
      <languagecode>1033</languagecode>
      <reportid>{b8d580cd-291d-ea11-a811-000d3a55d4d9}</reportid>
      <reporttypecode>1</reporttypecode>
      <IntroducedVersion>2020.10.1.01</IntroducedVersion>
      <createdinmajorversion>9</createdinmajorversion>
      <iscustomizable>1</iscustomizable>
      <ExportedFileName>/Reports/ReferralSummaryrdlb8d580cd-291d-ea11-a811-000d3a55d4d9</ExportedFileName>
      <ReportCategories />
      <ReportVisibilities>
        <ReportVisbility>1</ReportVisbility>
        <ReportVisbility>3</ReportVisbility>
      </ReportVisibilities>
      <ReportEntities>
        <ReportEntity>ait_referral</ReportEntity>
      </ReportEntities>
    </Report>
    <Report>
      <name>Safety Plan</name>
      <defaultfilter>
        <ReportFilter>
          <ReportEntity paramname="CRM_ait_safetyplan" donotconvert="1">
            <fetch version="1.0" output-format="xml-platform" mapping="logical" distinct="false">
              <entity name="ait_safetyplan">
                <all-attributes />
              </entity>
            </fetch>
          </ReportEntity>
        </ReportFilter>
      </defaultfilter>
      <iscustomreport>0</iscustomreport>
      <filename>Safety Plan.rdl</filename>
      <languagecode>1033</languagecode>
      <reportid>{fb86f947-5f62-eb11-a812-000d3a321eb4}</reportid>
      <reporttypecode>1</reporttypecode>
      <IntroducedVersion>2020.12.15.0</IntroducedVersion>
      <createdinmajorversion>9</createdinmajorversion>
      <iscustomizable>1</iscustomizable>
      <ExportedFileName>/Reports/SafetyPlanrdlfb86f947-5f62-eb11-a812-000d3a321eb4</ExportedFileName>
      <ReportCategories />
      <ReportVisibilities>
        <ReportVisbility>2</ReportVisbility>
      </ReportVisibilities>
      <ReportEntities>
        <ReportEntity>ait_safetyplan</ReportEntity>
      </ReportEntities>
    </Report>
    <Report>
      <name>Verification of Enrollment</name>
      <defaultfilter>
        <ReportFilter>
          <ReportEntity paramname="CRM_ait_memberprofile" donotconvert="1">
            <fetch version="1.0" output-format="xml-platform" mapping="logical" distinct="false">
              <entity name="ait_memberprofile">
                <all-attributes />
              </entity>
            </fetch>
          </ReportEntity>
        </ReportFilter>
      </defaultfilter>
      <iscustomreport>0</iscustomreport>
      <filename>VerificationOfEnrollmentFetch.rdl</filename>
      <languagecode>1033</languagecode>
      <reportid>{5348dd16-88a1-e811-8303-000d3a1e3659}</reportid>
      <reporttypecode>1</reporttypecode>
      <IntroducedVersion>2020.02.17.1</IntroducedVersion>
      <createdinmajorversion>8</createdinmajorversion>
      <iscustomizable>1</iscustomizable>
      <ExportedFileName>/Reports/VerificationOfEnrollmentFetchrdl5348dd16-88a1-e811-8303-000d3a1e3659</ExportedFileName>
      <ReportCategories />
      <ReportVisibilities>
        <ReportVisbility>2</ReportVisbility>
      </ReportVisibilities>
      <ReportEntities>
        <ReportEntity>ait_memberprofile</ReportEntity>
      </ReportEntities>
    </Report>
  </Reports>
  <CustomControls />
  <EntityDataProviders />
  <Languages>
    <Language>1033</Language>
  </Languages>
</ImportExportXml>